#include "model.h"

alignas(16) const unsigned char g_model[]= {
  0x1c, 0x00, 0x00, 0x00, 0x54, 0x46, 0x4c, 0x33, 0x14, 0x00, 0x20, 0x00,
  0x1c, 0x00, 0x18, 0x00, 0x14, 0x00, 0x10, 0x00, 0x0c, 0x00, 0x00, 0x00,
  0x08, 0x00, 0x04, 0x00, 0x14, 0x00, 0x00, 0x00, 0x1c, 0x00, 0x00, 0x00,
  0x88, 0x00, 0x00, 0x00, 0xe0, 0x00, 0x00, 0x00, 0x88, 0x43, 0x00, 0x00,
  0x98, 0x43, 0x00, 0x00, 0xec, 0x6a, 0x00, 0x00, 0x03, 0x00, 0x00, 0x00,
  0x01, 0x00, 0x00, 0x00, 0x04, 0x00, 0x00, 0x00, 0x32, 0xb9, 0xff, 0xff,
  0x0c, 0x00, 0x00, 0x00, 0x1c, 0x00, 0x00, 0x00, 0x38, 0x00, 0x00, 0x00,
  0x0f, 0x00, 0x00, 0x00, 0x73, 0x65, 0x72, 0x76, 0x69, 0x6e, 0x67, 0x5f,
  0x64, 0x65, 0x66, 0x61, 0x75, 0x6c, 0x74, 0x00, 0x01, 0x00, 0x00, 0x00,
  0x04, 0x00, 0x00, 0x00, 0x94, 0xff, 0xff, 0xff, 0x21, 0x00, 0x00, 0x00,
  0x04, 0x00, 0x00, 0x00, 0x07, 0x00, 0x00, 0x00, 0x64, 0x65, 0x6e, 0x73,
  0x65, 0x5f, 0x32, 0x00, 0x01, 0x00, 0x00, 0x00, 0x04, 0x00, 0x00, 0x00,
  0x92, 0xbb, 0xff, 0xff, 0x04, 0x00, 0x00, 0x00, 0x0c, 0x00, 0x00, 0x00,
  0x63, 0x6f, 0x6e, 0x76, 0x31, 0x64, 0x5f, 0x69, 0x6e, 0x70, 0x75, 0x74,
  0x00, 0x00, 0x00, 0x00, 0x02, 0x00, 0x00, 0x00, 0x34, 0x00, 0x00, 0x00,
  0x04, 0x00, 0x00, 0x00, 0xdc, 0xff, 0xff, 0xff, 0x24, 0x00, 0x00, 0x00,
  0x04, 0x00, 0x00, 0x00, 0x13, 0x00, 0x00, 0x00, 0x43, 0x4f, 0x4e, 0x56,
  0x45, 0x52, 0x53, 0x49, 0x4f, 0x4e, 0x5f, 0x4d, 0x45, 0x54, 0x41, 0x44,
  0x41, 0x54, 0x41, 0x00, 0x08, 0x00, 0x0c, 0x00, 0x08, 0x00, 0x04, 0x00,
  0x08, 0x00, 0x00, 0x00, 0x23, 0x00, 0x00, 0x00, 0x04, 0x00, 0x00, 0x00,
  0x13, 0x00, 0x00, 0x00, 0x6d, 0x69, 0x6e, 0x5f, 0x72, 0x75, 0x6e, 0x74,
  0x69, 0x6d, 0x65, 0x5f, 0x76, 0x65, 0x72, 0x73, 0x69, 0x6f, 0x6e, 0x00,
  0x25, 0x00, 0x00, 0x00, 0xa4, 0x42, 0x00, 0x00, 0x9c, 0x42, 0x00, 0x00,
  0x88, 0x42, 0x00, 0x00, 0x6c, 0x42, 0x00, 0x00, 0x58, 0x42, 0x00, 0x00,
  0x3c, 0x42, 0x00, 0x00, 0x20, 0x42, 0x00, 0x00, 0x08, 0x42, 0x00, 0x00,
  0xf4, 0x41, 0x00, 0x00, 0xd4, 0x41, 0x00, 0x00, 0x84, 0x41, 0x00, 0x00,
  0x74, 0x3f, 0x00, 0x00, 0xe4, 0x3e, 0x00, 0x00, 0xd4, 0x16, 0x00, 0x00,
  0xc4, 0x15, 0x00, 0x00, 0xb4, 0x05, 0x00, 0x00, 0x24, 0x05, 0x00, 0x00,
  0x14, 0x01, 0x00, 0x00, 0x0c, 0x01, 0x00, 0x00, 0x04, 0x01, 0x00, 0x00,
  0xfc, 0x00, 0x00, 0x00, 0xf4, 0x00, 0x00, 0x00, 0xec, 0x00, 0x00, 0x00,
  0xe4, 0x00, 0x00, 0x00, 0xdc, 0x00, 0x00, 0x00, 0xd4, 0x00, 0x00, 0x00,
  0xcc, 0x00, 0x00, 0x00, 0xc4, 0x00, 0x00, 0x00, 0xbc, 0x00, 0x00, 0x00,
  0xb4, 0x00, 0x00, 0x00, 0xac, 0x00, 0x00, 0x00, 0xa4, 0x00, 0x00, 0x00,
  0x9c, 0x00, 0x00, 0x00, 0x94, 0x00, 0x00, 0x00, 0x8c, 0x00, 0x00, 0x00,
  0x6c, 0x00, 0x00, 0x00, 0x04, 0x00, 0x00, 0x00, 0xa2, 0xbc, 0xff, 0xff,
  0x04, 0x00, 0x00, 0x00, 0x58, 0x00, 0x00, 0x00, 0x0c, 0x00, 0x00, 0x00,
  0x08, 0x00, 0x0e, 0x00, 0x08, 0x00, 0x04, 0x00, 0x08, 0x00, 0x00, 0x00,
  0x10, 0x00, 0x00, 0x00, 0x28, 0x00, 0x00, 0x00, 0x00, 0x00, 0x06, 0x00,
  0x08, 0x00, 0x04, 0x00, 0x06, 0x00, 0x00, 0x00, 0x04, 0x00, 0x00, 0x00,
  0x01, 0x00, 0x00, 0x00, 0xeb, 0x03, 0x00, 0x00, 0x00, 0x00, 0x0a, 0x00,
  0x10, 0x00, 0x0c, 0x00, 0x08, 0x00, 0x04, 0x00, 0x0a, 0x00, 0x00, 0x00,
  0x01, 0x00, 0x00, 0x00, 0x02, 0x00, 0x00, 0x00, 0x04, 0x00, 0x00, 0x00,
  0x06, 0x00, 0x00, 0x00, 0x32, 0x2e, 0x31, 0x30, 0x2e, 0x30, 0x00, 0x00,
  0x06, 0xbd, 0xff, 0xff, 0x04, 0x00, 0x00, 0x00, 0x10, 0x00, 0x00, 0x00,
  0x31, 0x2e, 0x31, 0x34, 0x2e, 0x30, 0x00, 0x00, 0x00, 0x00, 0x00, 0x00,
  0x00, 0x00, 0x00, 0x00, 0xe4, 0x97, 0xff, 0xff, 0xe8, 0x97, 0xff, 0xff,
  0xec, 0x97, 0xff, 0xff, 0xf0, 0x97, 0xff, 0xff, 0xf4, 0x97, 0xff, 0xff,
  0xf8, 0x97, 0xff, 0xff, 0xfc, 0x97, 0xff, 0xff, 0x00, 0x98, 0xff, 0xff,
  0x04, 0x98, 0xff, 0xff, 0x08, 0x98, 0xff, 0xff, 0x0c, 0x98, 0xff, 0xff,
  0x10, 0x98, 0xff, 0xff, 0x14, 0x98, 0xff, 0xff, 0x18, 0x98, 0xff, 0xff,
  0x1c, 0x98, 0xff, 0xff, 0x20, 0x98, 0xff, 0xff, 0x24, 0x98, 0xff, 0xff,
  0x66, 0xbd, 0xff, 0xff, 0x04, 0x00, 0x00, 0x00, 0x00, 0x04, 0x00, 0x00,
  0x2b, 0x39, 0x27, 0x27, 0x2b, 0x0e, 0x3b, 0xc2, 0x2a, 0x01, 0x25, 0xe7,
  0x2d, 0x12, 0xca, 0x0b, 0x64, 0x0e, 0xf1, 0x1b, 0x13, 0xe4, 0xed, 0xe4,
  0xa0, 0xa6, 0x81, 0xf9, 0x02, 0xd3, 0x38, 0xc1, 0x0d, 0xff, 0xf8, 0x00,
  0x04, 0x0b, 0xf9, 0xf9, 0x81, 0xf7, 0xf5, 0xfd, 0x19, 0xf4, 0xfb, 0x07,
  0xd1, 0xc8, 0xed, 0xe4, 0xfb, 0xd2, 0xe4, 0xd1, 0x1a, 0xfd, 0xf3, 0x05,
  0xdf, 0x0c, 0x19, 0xea, 0x4d, 0x11, 0x51, 0x08, 0xb4, 0x01, 0x81, 0x04,
  0xdf, 0x94, 0xe8, 0xc6, 0xe1, 0xcd, 0x30, 0x2b, 0x6b, 0xd4, 0x25, 0x00,
  0x1f, 0xf3, 0xef, 0x1e, 0x42, 0x3c, 0x41, 0x12, 0x21, 0xe8, 0x3f, 0x6d,
  0x5c, 0xe4, 0xc9, 0x07, 0xef, 0xca, 0xed, 0xdc, 0x12, 0xda, 0xfd, 0x0b,
  0xdd, 0x31, 0xfe, 0x15, 0x2d, 0xfc, 0xf1, 0x47, 0x44, 0xcd, 0x23, 0xfe,
  0xfc, 0x55, 0x51, 0x37, 0xc7, 0xec, 0x81, 0x17, 0x8b, 0xa4, 0x1f, 0xdf,
  0x3c, 0x06, 0xdb, 0xc3, 0xec, 0x76, 0x19, 0xfc, 0x81, 0xa8, 0x94, 0x84,
  0xd9, 0x46, 0xef, 0x00, 0x26, 0xe3, 0xfe, 0xed, 0x2e, 0xf1, 0x6d, 0x1b,
  0xfe, 0x0a, 0xba, 0x4b, 0x01, 0x06, 0x10, 0x03, 0x0c, 0xfb, 0x06, 0xee,
  0x11, 0x01, 0xf7, 0xfd, 0x09, 0x0e, 0xf0, 0xf8, 0x81, 0x01, 0x03, 0x06,
  0x0f, 0xfb, 0xf1, 0x2f, 0x13, 0xf3, 0x0e, 0xfd, 0x1a, 0xf6, 0xf0, 0x0a,
  0x0f, 0x1f, 0x1b, 0xff, 0x0d, 0x2f, 0xeb, 0x45, 0x81, 0x00, 0x16, 0x15,
  0xe1, 0x15, 0x2f, 0x9f, 0x32, 0xeb, 0xc2, 0xdd, 0x13, 0xc8, 0xc0, 0xa0,
  0xda, 0x55, 0xf1, 0xcd, 0xfd, 0x08, 0xb2, 0xe9, 0x15, 0x02, 0xe5, 0x28,
  0x05, 0xd9, 0x01, 0xfe, 0x7f, 0x01, 0xfe, 0xfb, 0xf9, 0x06, 0xf3, 0xd3,
  0xd5, 0xc0, 0xf1, 0xd3, 0xd9, 0xde, 0xcf, 0xa8, 0xdf, 0xdc, 0xd1, 0xde,
  0xef, 0xda, 0xd8, 0xd5, 0x00, 0x0b, 0xe3, 0xff, 0xfe, 0x0d, 0xf3, 0x0c,
  0x81, 0x14, 0xf4, 0x13, 0xfe, 0xff, 0x06, 0x32, 0xcd, 0xd3, 0xcf, 0xf6,
  0xc2, 0xcc, 0xf0, 0xa6, 0xf8, 0xf3, 0xea, 0xe3, 0xcb, 0x01, 0xfd, 0xf8,
  0x00, 0xfc, 0xf6, 0x12, 0xfe, 0xfc, 0xfe, 0x00, 0x00, 0x02, 0x03, 0x06,
  0xeb, 0xf4, 0x14, 0xf8, 0x81, 0x0e, 0x06, 0xf0, 0x06, 0x12, 0x0d, 0x04,
  0x12, 0x11, 0x06, 0x16, 0xeb, 0xf2, 0xf9, 0xfa, 0x1f, 0x00, 0xfd, 0x0d,
  0x1b, 0xf9, 0xdf, 0xf0, 0x9f, 0xf5, 0xfe, 0xdd, 0xff, 0x14, 0xed, 0xea,
  0xe9, 0xe0, 0xab, 0xff, 0xf2, 0xce, 0xfb, 0xd1, 0x81, 0x02, 0xc8, 0xf9,
  0xda, 0x0d, 0x07, 0xe3, 0xfd, 0x0f, 0xf2, 0x25, 0xf3, 0xe5, 0x1a, 0x02,
  0x77, 0x08, 0x0c, 0xfb, 0xf9, 0x0e, 0x25, 0xd7, 0x81, 0xd4, 0x94, 0xed,
  0xba, 0x09, 0xe9, 0xe3, 0xbb, 0xd1, 0xc3, 0x04, 0xd0, 0xe6, 0xb2, 0x03,
  0xfe, 0x05, 0x01, 0xfb, 0x0e, 0x0b, 0xf4, 0x07, 0x01, 0x0b, 0x05, 0xfc,
  0x08, 0x0d, 0x06, 0x1e, 0x7f, 0x02, 0xf5, 0x0a, 0xf3, 0xf8, 0x0a, 0xf2,
  0xd1, 0xee, 0xd3, 0x03, 0xee, 0x01, 0xea, 0x03, 0x45, 0x1f, 0x77, 0xfc,
  0x81, 0xcb, 0xf5, 0x96, 0x52, 0x20, 0xd2, 0x17, 0x1a, 0x24, 0x30, 0x02,
  0x30, 0x0d, 0x18, 0x3a, 0xe9, 0x63, 0xf9, 0xc4, 0x4c, 0x4e, 0x19, 0xdb,
  0x39, 0xfe, 0x1a, 0x72, 0xf0, 0x15, 0x19, 0x02, 0xe1, 0x17, 0xe7, 0xf8,
  0x7d, 0x0f, 0xb4, 0xfd, 0xf4, 0xdb, 0x0a, 0xe1, 0x1a, 0xac, 0xf4, 0xb5,
  0x23, 0x12, 0xec, 0xfd, 0xf7, 0x0d, 0xcd, 0x93, 0xab, 0xa1, 0x81, 0xa9,
  0x06, 0xff, 0x1a, 0xed, 0xe4, 0x0e, 0x25, 0xf4, 0x06, 0xfe, 0xf8, 0x1b,
  0xf0, 0xfd, 0xf4, 0xfe, 0x7f, 0x06, 0x02, 0xf7, 0x05, 0x18, 0xf2, 0x23,
  0x03, 0xdf, 0xd4, 0xe9, 0xea, 0x01, 0xd5, 0xca, 0x02, 0xfc, 0xfe, 0xf8,
  0xfa, 0x07, 0xff, 0x04, 0xf0, 0xf9, 0x0d, 0xfa, 0x01, 0xfc, 0x01, 0x07,
  0x7f, 0x07, 0xf7, 0x09, 0xfa, 0xf9, 0x15, 0x21, 0xf1, 0xfb, 0xed, 0xe8,
  0xef, 0xdf, 0xec, 0xdc, 0xc9, 0x24, 0x47, 0xec, 0x23, 0xed, 0xb3, 0x7f,
  0x8d, 0x4a, 0xbc, 0xe9, 0xf5, 0xc9, 0xfe, 0x2b, 0xf3, 0x09, 0x05, 0x0c,
  0x35, 0x12, 0xec, 0xc2, 0xe8, 0x5a, 0x36, 0x43, 0x0b, 0x0a, 0x27, 0x04,
  0x20, 0x0b, 0xf9, 0x0d, 0x1e, 0xfd, 0x11, 0x21, 0xf1, 0xfb, 0xdb, 0xdb,
  0xfe, 0xe7, 0x08, 0x35, 0xba, 0x2f, 0x0d, 0xfb, 0x81, 0x08, 0x86, 0x09,
  0x03, 0x2a, 0x27, 0xcf, 0x83, 0xef, 0xa8, 0xf9, 0x00, 0xed, 0xd6, 0xde,
  0xdd, 0x1b, 0xe6, 0xff, 0x7f, 0xdd, 0x0d, 0xfb, 0xf2, 0xe6, 0xee, 0xe9,
  0xec, 0xc1, 0xcd, 0xeb, 0xd3, 0xc8, 0xf0, 0xfd, 0xf9, 0x0a, 0xfd, 0xdd,
  0x12, 0xe7, 0x36, 0x28, 0x22, 0x23, 0x8f, 0xc5, 0xca, 0xca, 0x3c, 0xfb,
  0xfa, 0xe4, 0x89, 0xc4, 0x46, 0xa4, 0x23, 0xf5, 0x7f, 0xef, 0xff, 0x51,
  0x47, 0x41, 0xf8, 0xb0, 0x01, 0x33, 0x7b, 0x2b, 0xf5, 0x74, 0x42, 0xfa,
  0xc6, 0x1b, 0xf2, 0xdd, 0x0c, 0x36, 0xdb, 0x00, 0x81, 0x14, 0xf3, 0x19,
  0xfa, 0xe7, 0xf1, 0x35, 0xb2, 0x1b, 0x05, 0x00, 0x14, 0xcb, 0x3a, 0x4a,
  0xd8, 0x58, 0x34, 0x43, 0x3b, 0x2b, 0x3c, 0x05, 0x2d, 0x10, 0xeb, 0x3d,
  0xfa, 0x19, 0x0b, 0xd2, 0xe9, 0xe3, 0xda, 0xde, 0xda, 0xdb, 0xff, 0xf2,
  0xf2, 0x11, 0xeb, 0xdd, 0x0f, 0x1b, 0x0c, 0xe6, 0x09, 0xe8, 0xc9, 0xd5,
  0x81, 0xc7, 0x84, 0x9d, 0x7f, 0xf3, 0x02, 0xe1, 0x44, 0x21, 0xf3, 0xcf,
  0x0c, 0x08, 0x2d, 0xeb, 0x9e, 0xd2, 0xbb, 0xf9, 0x1f, 0x1f, 0xf8, 0x33,
  0xe1, 0x3d, 0x18, 0x43, 0xe1, 0x27, 0x13, 0x30, 0x3a, 0xe9, 0x1c, 0x1c,
  0x26, 0xce, 0xde, 0x9b, 0xcd, 0xf3, 0x1d, 0xe7, 0xae, 0x47, 0xc6, 0xbd,
  0x38, 0x9c, 0xfa, 0x16, 0x29, 0xf1, 0x3f, 0x0f, 0x0e, 0xbe, 0xc5, 0xb1,
  0x01, 0x3c, 0x21, 0xed, 0x1a, 0x30, 0x2c, 0x7f, 0xe0, 0xfc, 0xc0, 0x04,
  0x44, 0xc3, 0xf1, 0xcf, 0x2a, 0x2c, 0xd6, 0x97, 0x81, 0xe4, 0xaf, 0xea,
  0xd9, 0xe4, 0x09, 0x29, 0xcd, 0x10, 0xf6, 0xdb, 0x24, 0x2f, 0x1c, 0x2e,
  0x43, 0x2d, 0x25, 0x46, 0x29, 0xff, 0xaa, 0xf7, 0xeb, 0xed, 0xc7, 0x81,
  0x20, 0xbf, 0x14, 0x32, 0xfd, 0x4f, 0xe7, 0xf7, 0x27, 0x21, 0x40, 0x57,
  0x47, 0xf9, 0x20, 0x36, 0x27, 0x1d, 0xf7, 0x4e, 0xdb, 0x11, 0x2d, 0x46,
  0x06, 0x14, 0xfc, 0x17, 0x13, 0xf4, 0x02, 0x20, 0x81, 0xe9, 0x0c, 0xdc,
  0xfb, 0x11, 0xf9, 0xec, 0xf6, 0xbc, 0xc7, 0xd5, 0xe9, 0xec, 0xce, 0xca,
  0xdd, 0xe6, 0xc7, 0xe1, 0xf8, 0xee, 0xf7, 0x05, 0xf5, 0xf5, 0x08, 0xe7,
  0x13, 0x0e, 0xee, 0x0c, 0xf6, 0x01, 0x06, 0x11, 0x0e, 0xee, 0xf8, 0x0a,
  0x81, 0x1e, 0x07, 0x1e, 0x0e, 0x0d, 0x0a, 0x42, 0xf4, 0x13, 0xe6, 0xee,
  0x0d, 0x0b, 0xfe, 0xe8, 0xd4, 0x04, 0xf5, 0xa4, 0x0e, 0xbe, 0x17, 0x01,
  0x29, 0xee, 0xd9, 0xf4, 0x16, 0xcd, 0xf8, 0x27, 0x41, 0x42, 0x14, 0x02,
  0xa5, 0xfe, 0x81, 0x04, 0x1d, 0x2c, 0x04, 0x05, 0x21, 0x4e, 0x26, 0xf0,
  0xc9, 0x3d, 0x53, 0x63, 0x31, 0x1d, 0x06, 0x11, 0x4d, 0x05, 0x00, 0xf1,
  0xb9, 0x03, 0xe6, 0x89, 0x25, 0xf3, 0x52, 0xfc, 0x9b, 0xac, 0xac, 0x32,
  0x7f, 0x26, 0x08, 0x35, 0x0a, 0x39, 0x22, 0xfe, 0xf1, 0xed, 0x15, 0xde,
  0xf6, 0x0a, 0x0d, 0x04, 0x81, 0xed, 0xfc, 0x15, 0xfc, 0xde, 0xf2, 0xd1,
  0xee, 0xcc, 0xdb, 0xe2, 0xe9, 0xe6, 0xf4, 0xc5, 0xff, 0xe9, 0xeb, 0x05,
  0x0b, 0xe6, 0x04, 0xf0, 0x72, 0xc1, 0xff, 0xff, 0x04, 0x00, 0x00, 0x00,
  0x80, 0x00, 0x00, 0x00, 0x22, 0xe2, 0xff, 0xff, 0xd3, 0x9f, 0x00, 0x00,
  0x1d, 0x78, 0xff, 0xff, 0xcf, 0x9c, 0xff, 0xff, 0x32, 0xdc, 0xff, 0xff,
  0xbd, 0xfd, 0xff, 0xff, 0x18, 0x34, 0x00, 0x00, 0x91, 0xbd, 0x00, 0x00,
  0xf6, 0xd0, 0x00, 0x00, 0x93, 0x0c, 0x00, 0x00, 0x0a, 0x19, 0x01, 0x00,
  0xe4, 0xe6, 0x00, 0x00, 0xc9, 0xe6, 0xff, 0xff, 0xa9, 0x57, 0xfe, 0xff,
  0x1c, 0x8c, 0x00, 0x00, 0xbe, 0xe0, 0xff, 0xff, 0x43, 0x00, 0x00, 0x00,
  0x48, 0x76, 0xff, 0xff, 0x1f, 0xf4, 0xff, 0xff, 0x92, 0x93, 0x00, 0x00,
  0xf8, 0xca, 0xff, 0xff, 0x7a, 0xc0, 0xff, 0xff, 0x39, 0xdb, 0x00, 0x00,
  0xab, 0x1b, 0xff, 0xff, 0xdd, 0x49, 0x00, 0x00, 0x2f, 0x09, 0x00, 0x00,
  0xa8, 0x05, 0xff, 0xff, 0x29, 0x05, 0x01, 0x00, 0x00, 0xfc, 0xff, 0xff,
  0x7a, 0xdd, 0xff, 0xff, 0x94, 0xac, 0xfe, 0xff, 0x1a, 0xf6, 0x00, 0x00,
  0xfe, 0xc1, 0xff, 0xff, 0x04, 0x00, 0x00, 0x00, 0x00, 0x10, 0x00, 0x00,
  0x15, 0x08, 0xf0, 0x33, 0xd8, 0xdc, 0xd7, 0x06, 0x19, 0x11, 0x0b, 0xf4,
  0xed, 0x2b, 0x0c, 0xfe, 0x36, 0xda, 0xef, 0xf8, 0x27, 0x0c, 0xd6, 0x03,
  0x0b, 0x0c, 0xee, 0x01, 0x09, 0x21, 0xd1, 0x0c, 0x1f, 0x1d, 0xd2, 0x81,
  0xe5, 0xfd, 0x09, 0x03, 0x69, 0xa9, 0x4f, 0xf3, 0xc2, 0x95, 0x23, 0xf4,
  0x11, 0xe4, 0x13, 0x0d, 0xba, 0xe6, 0x1d, 0xd2, 0x13, 0xee, 0xfa, 0x74,
  0x1d, 0xfb, 0xf6, 0x6e, 0x36, 0x02, 0xef, 0xe9, 0x10, 0x72, 0x2c, 0x66,
  0x0e, 0x50, 0x3a, 0x3f, 0x47, 0x02, 0x35, 0x07, 0x0b, 0xec, 0x17, 0x3d,
  0x24, 0x20, 0x1a, 0xf5, 0x2e, 0x3d, 0x33, 0xda, 0x32, 0x14, 0xea, 0x10,
  0x22, 0xf3, 0xd0, 0xd0, 0x2a, 0x08, 0x1a, 0xfd, 0xe7, 0x0b, 0xd9, 0x3d,
  0xe5, 0x07, 0xd4, 0x1f, 0xc3, 0xe5, 0xd4, 0xc9, 0x81, 0x04, 0xfe, 0x05,
  0xe6, 0xc8, 0x03, 0xab, 0xd4, 0xe4, 0x01, 0xd5, 0xf8, 0x65, 0xed, 0x1b,
  0x15, 0xff, 0xfd, 0x0e, 0x7f, 0xde, 0x4d, 0x0d, 0xb1, 0x28, 0xed, 0x15,
  0xbb, 0x05, 0x1f, 0xd8, 0x01, 0xca, 0x16, 0xfd, 0xeb, 0xef, 0xfe, 0x37,
  0x1a, 0xfc, 0x19, 0x4a, 0xfa, 0x25, 0x0e, 0x07, 0xb6, 0xf4, 0x07, 0x0c,
  0x2f, 0x22, 0x32, 0xef, 0xdc, 0xf8, 0xcd, 0xff, 0xd3, 0xc0, 0x0c, 0xf2,
  0xcd, 0xe2, 0x17, 0x0e, 0x0a, 0xfd, 0x1f, 0xea, 0xd2, 0xe8, 0x17, 0xed,
  0x1a, 0xd8, 0xd5, 0xb8, 0x2a, 0x08, 0x34, 0x7f, 0xd3, 0x3a, 0x27, 0x57,
  0x62, 0x20, 0x17, 0x49, 0x16, 0x03, 0x1f, 0x3e, 0xe3, 0x25, 0x2b, 0xe5,
  0x26, 0xfd, 0xb2, 0xea, 0x1a, 0x2e, 0x20, 0x02, 0xcd, 0xdd, 0x45, 0xed,
  0x05, 0x0f, 0xe1, 0x2e, 0xca, 0xd3, 0x5d, 0x38, 0x1f, 0xde, 0xd8, 0xf4,
  0xf6, 0xc5, 0x02, 0x11, 0x0d, 0x42, 0x95, 0x1a, 0xbf, 0xfe, 0x31, 0x1b,
  0xf2, 0xb2, 0xe6, 0x00, 0x0d, 0xd8, 0x1b, 0x2b, 0x01, 0x0b, 0xeb, 0x81,
  0xec, 0xfd, 0x9b, 0xed, 0xee, 0x12, 0xc5, 0xda, 0xf7, 0xcc, 0xd3, 0xab,
  0x11, 0x3d, 0x0f, 0x19, 0xc8, 0x9d, 0x04, 0xca, 0x19, 0xbd, 0xfb, 0xd3,
  0xf3, 0x44, 0x18, 0x17, 0xc3, 0xf0, 0x10, 0xed, 0xf3, 0xe5, 0xfe, 0xc9,
  0x1b, 0x05, 0xf6, 0xd4, 0x21, 0x21, 0x23, 0x38, 0x47, 0x03, 0xe8, 0x1e,
  0x2d, 0xc9, 0x25, 0xe1, 0xe2, 0x40, 0x22, 0x1e, 0x08, 0x1f, 0xcb, 0x1c,
  0xd9, 0x1f, 0x39, 0x21, 0x47, 0x33, 0x3d, 0xe8, 0xf5, 0xf4, 0x37, 0xc6,
  0x16, 0x15, 0xdb, 0x17, 0xfe, 0xfa, 0xe4, 0xfe, 0xec, 0x0d, 0xed, 0x37,
  0x29, 0xf6, 0x01, 0x7f, 0xe7, 0xf4, 0xd1, 0x2c, 0xdf, 0x7f, 0xeb, 0xc4,
  0x2e, 0x3e, 0x23, 0xb0, 0x89, 0xb7, 0xda, 0xc0, 0x02, 0xf6, 0x01, 0x9b,
  0xdd, 0xe0, 0xe2, 0xd4, 0xe4, 0x03, 0x09, 0x36, 0xde, 0xd1, 0xef, 0xee,
  0xfd, 0x3d, 0xf4, 0x0e, 0x25, 0x1e, 0x18, 0xc7, 0x32, 0x25, 0x22, 0xef,
  0x97, 0x0d, 0xf2, 0xc0, 0x97, 0xd3, 0xf1, 0xd1, 0x3b, 0xaf, 0xe9, 0xe8,
  0xfa, 0x24, 0x22, 0x1c, 0x25, 0x1d, 0x2b, 0x40, 0x20, 0x14, 0x04, 0x01,
  0xf1, 0x11, 0xec, 0x77, 0xba, 0x13, 0xf1, 0x5d, 0x2c, 0xf9, 0xf5, 0x7f,
  0x5c, 0x0b, 0xd1, 0x42, 0xef, 0x3e, 0x2c, 0x3d, 0x0d, 0xe0, 0x2e, 0xf9,
  0xf8, 0xba, 0xa3, 0xc2, 0xdb, 0xdf, 0x25, 0xdf, 0x42, 0xf2, 0xe6, 0x21,
  0x08, 0xf7, 0x28, 0xbf, 0x1d, 0x4b, 0x0a, 0x1f, 0xcd, 0x1f, 0x2e, 0xe2,
  0x05, 0x20, 0x0c, 0xf7, 0x0a, 0x07, 0xec, 0x10, 0xea, 0xed, 0x33, 0xd7,
  0x14, 0x3d, 0xb1, 0xf9, 0xed, 0x37, 0x57, 0x52, 0x7f, 0x01, 0x2a, 0x5a,
  0x03, 0xfd, 0xe0, 0x13, 0x17, 0xe5, 0xda, 0x0c, 0x0e, 0xd8, 0x51, 0x0d,
  0xf5, 0x4f, 0x0c, 0x6f, 0xe4, 0xfb, 0x0b, 0x4c, 0x15, 0x24, 0xff, 0xff,
  0xdf, 0xef, 0x10, 0xf5, 0x7f, 0xcb, 0x37, 0x0e, 0xe3, 0xea, 0x00, 0x04,
  0xbc, 0xe2, 0xf9, 0xcb, 0xde, 0xcd, 0x09, 0x24, 0x14, 0xf2, 0xef, 0x1a,
  0xfd, 0x1c, 0x00, 0x52, 0xf7, 0x05, 0x06, 0x1a, 0xd8, 0xd0, 0x2d, 0x15,
  0xfd, 0xe1, 0xf1, 0x08, 0xfa, 0xed, 0x27, 0xdd, 0x06, 0xb7, 0xdb, 0x0e,
  0xd6, 0xec, 0xfb, 0xf4, 0xe3, 0x05, 0xec, 0x05, 0xdd, 0xe6, 0xf0, 0xdc,
  0xeb, 0x44, 0x18, 0xe7, 0x3b, 0xfe, 0x40, 0x27, 0xf0, 0xe7, 0x42, 0xfe,
  0x08, 0x08, 0xe2, 0xaa, 0xc6, 0x0c, 0xee, 0xe5, 0xc3, 0xed, 0xfd, 0xf0,
  0x48, 0xe2, 0xef, 0x17, 0xed, 0xfa, 0x32, 0x1a, 0x56, 0x33, 0xfe, 0xc6,
  0xd2, 0x33, 0x36, 0x4c, 0x7f, 0x23, 0x07, 0x58, 0xce, 0x1f, 0x0b, 0x3e,
  0x13, 0x3c, 0xda, 0x00, 0xb6, 0x27, 0x24, 0x27, 0x28, 0xfb, 0x2b, 0x4c,
  0xf5, 0x16, 0xfc, 0x41, 0x26, 0x38, 0x1b, 0xe4, 0xdb, 0xb0, 0x02, 0x38,
  0x7f, 0xc0, 0x07, 0x23, 0xf8, 0xdd, 0x14, 0xda, 0xb0, 0xfe, 0xc8, 0xb7,
  0x25, 0xff, 0x14, 0x0e, 0xe8, 0x2c, 0xd5, 0x7c, 0xfe, 0x16, 0x08, 0x0e,
  0xa8, 0xd3, 0x19, 0x2d, 0x23, 0x1c, 0xcc, 0x06, 0xde, 0xdd, 0xf6, 0xfe,
  0xdb, 0xf9, 0xcc, 0xec, 0xd1, 0xf7, 0xeb, 0xde, 0xe1, 0x11, 0xef, 0xd8,
  0x20, 0xb9, 0x18, 0xcc, 0xd0, 0x1b, 0x16, 0xbb, 0x05, 0x04, 0xeb, 0xfa,
  0xfd, 0x2c, 0x11, 0xce, 0x01, 0x11, 0xe5, 0xf8, 0xd2, 0x24, 0xf7, 0xd9,
  0x0d, 0x08, 0x01, 0x28, 0x22, 0xda, 0xf1, 0xf9, 0x0f, 0xf6, 0x12, 0xe0,
  0x0e, 0x12, 0x04, 0xba, 0x1c, 0xe0, 0xff, 0x19, 0xe2, 0x9e, 0xf7, 0x61,
  0x05, 0xe8, 0x0b, 0x7f, 0x0f, 0x07, 0x15, 0x3f, 0x2a, 0xfa, 0x14, 0x2a,
  0xdb, 0xfa, 0xf2, 0x33, 0xf1, 0x12, 0x0d, 0xf7, 0x90, 0x1c, 0xe2, 0x0c,
  0xf6, 0xee, 0xee, 0x2d, 0x11, 0xec, 0xf2, 0xfa, 0xdc, 0xf2, 0xef, 0x35,
  0xed, 0x17, 0xf9, 0xe9, 0x1c, 0xec, 0xe0, 0x18, 0xd7, 0xf8, 0x18, 0x15,
  0x0b, 0x19, 0x04, 0x4d, 0xe6, 0xf4, 0x1c, 0x18, 0x2d, 0x07, 0xd8, 0xc6,
  0xe1, 0xf9, 0xbc, 0x1c, 0xde, 0x12, 0x24, 0x40, 0x57, 0xd6, 0xfa, 0x5a,
  0x2b, 0x20, 0xf1, 0x7f, 0xff, 0x1a, 0x1d, 0x1b, 0xf0, 0x29, 0xe7, 0x07,
  0xb9, 0xf3, 0x0c, 0xf2, 0x07, 0x13, 0xe5, 0x05, 0x34, 0xdb, 0x1e, 0xfc,
  0x20, 0x0f, 0x22, 0xc5, 0x2b, 0xed, 0xff, 0xf2, 0x11, 0x08, 0x25, 0x18,
  0xfa, 0xf5, 0x06, 0xfb, 0x0c, 0x12, 0xf0, 0xf8, 0x1e, 0xdd, 0x08, 0xd7,
  0x0f, 0x61, 0x36, 0x22, 0x14, 0xd0, 0x23, 0xb5, 0x7a, 0xfb, 0x1a, 0xcb,
  0xae, 0xf6, 0xef, 0xf8, 0x81, 0xd5, 0x05, 0xd6, 0x23, 0xbf, 0x0b, 0xf9,
  0xda, 0xd9, 0x05, 0x47, 0x13, 0x3a, 0x01, 0x4d, 0x2e, 0x30, 0xfc, 0x06,
  0xfd, 0xfd, 0x3f, 0x7f, 0xfb, 0x2f, 0x52, 0x77, 0x35, 0x13, 0x24, 0x3e,
  0x31, 0xec, 0x0f, 0x25, 0xcf, 0x09, 0x49, 0xc4, 0x07, 0x15, 0x02, 0x1c,
  0x3e, 0x3e, 0x11, 0x27, 0xcd, 0xb3, 0x0d, 0xee, 0xa2, 0x05, 0xd3, 0xfa,
  0xe9, 0x42, 0x89, 0xf5, 0xb5, 0x09, 0xe8, 0x1d, 0xd3, 0xbc, 0xfc, 0xcb,
  0xf7, 0x14, 0xd7, 0xe7, 0xa8, 0xe5, 0xd2, 0x27, 0xf9, 0xdb, 0x03, 0x27,
  0xf4, 0xfe, 0x00, 0x13, 0x0f, 0x1e, 0x18, 0xb6, 0x16, 0x25, 0xd3, 0xcb,
  0xe5, 0x18, 0xe7, 0xdb, 0x09, 0x0c, 0xe9, 0xf1, 0x02, 0xe6, 0xea, 0x0d,
  0x22, 0x15, 0xf3, 0xb8, 0x2f, 0x13, 0x13, 0xed, 0x04, 0xf1, 0xcb, 0xfe,
  0x22, 0xc7, 0xef, 0x3e, 0xf9, 0xe9, 0x3f, 0x7f, 0x36, 0xef, 0xf1, 0x60,
  0x38, 0xdd, 0xe4, 0x0f, 0x1e, 0x28, 0x13, 0x22, 0x00, 0x02, 0x22, 0x3b,
  0xb6, 0xe6, 0xd0, 0x07, 0xdf, 0x54, 0xce, 0xc7, 0x32, 0xd5, 0x3f, 0x44,
  0x7f, 0xdd, 0xf5, 0x58, 0x09, 0x30, 0xdf, 0x3a, 0x92, 0x06, 0xd0, 0x0f,
  0x2d, 0xfd, 0x2c, 0xd2, 0xc1, 0x1e, 0xfe, 0x7d, 0xb2, 0xab, 0xd9, 0x7d,
  0xbb, 0x1e, 0xf1, 0xfa, 0xb1, 0xa9, 0xdc, 0xea, 0xc7, 0x18, 0xdf, 0xfc,
  0xdc, 0xd4, 0x37, 0x10, 0xbe, 0xf9, 0xfc, 0x13, 0xe3, 0x2f, 0x01, 0x0d,
  0xff, 0x14, 0x2b, 0xfc, 0x19, 0x08, 0x1d, 0x18, 0xe2, 0xe9, 0xc8, 0x2e,
  0xf9, 0x35, 0x1c, 0xba, 0xfa, 0xe2, 0x04, 0xc3, 0x9f, 0xd5, 0x3f, 0xb5,
  0xbb, 0xe4, 0x4d, 0xb1, 0x01, 0xa0, 0xc7, 0x2b, 0xf7, 0x0b, 0x99, 0xf8,
  0xbb, 0x07, 0xcc, 0x81, 0x11, 0x62, 0x0d, 0xe8, 0xd5, 0x13, 0x04, 0x29,
  0x4d, 0x3f, 0x1e, 0x3e, 0x66, 0x59, 0xd8, 0xa2, 0xd5, 0x2e, 0x5f, 0x56,
  0x19, 0xf0, 0x12, 0xfe, 0x36, 0x12, 0x26, 0x13, 0x1a, 0x2e, 0xd4, 0x25,
  0xf3, 0x9a, 0xe4, 0x02, 0xe0, 0x11, 0x08, 0xc1, 0x01, 0x21, 0x16, 0xbc,
  0x12, 0x13, 0x2c, 0x2e, 0xea, 0xfb, 0xce, 0x17, 0xdc, 0xee, 0xe8, 0x00,
  0xed, 0xe5, 0x20, 0xaf, 0x01, 0xe4, 0xed, 0xd0, 0x0d, 0xf4, 0x3c, 0x21,
  0x2a, 0xd5, 0x10, 0xcd, 0xf6, 0xf3, 0xde, 0x81, 0x03, 0x20, 0xeb, 0xd2,
  0x36, 0x1d, 0x23, 0x3d, 0x44, 0x05, 0xf2, 0x41, 0x0e, 0x2c, 0xee, 0xdc,
  0xf4, 0x09, 0x1e, 0xcb, 0x28, 0x0a, 0xfc, 0x01, 0x05, 0x10, 0xb8, 0x1f,
  0xec, 0xf0, 0x05, 0x1a, 0x7f, 0xe5, 0x16, 0x30, 0x5d, 0x2b, 0x01, 0x47,
  0xe2, 0x06, 0x1a, 0xf3, 0xf0, 0xea, 0xe9, 0xec, 0xe1, 0xf6, 0xf8, 0xe3,
  0xf7, 0xf4, 0xd0, 0xde, 0x06, 0xe2, 0x07, 0x01, 0xc3, 0xfb, 0xd5, 0x1d,
  0xff, 0x02, 0xe4, 0xed, 0x16, 0x21, 0xdf, 0xd0, 0xe1, 0x0b, 0xbd, 0xb4,
  0xc9, 0xc2, 0x27, 0x0c, 0x25, 0x11, 0xf8, 0xf9, 0xdc, 0xc4, 0xb6, 0x17,
  0xb1, 0x11, 0xc9, 0xd7, 0x81, 0x01, 0xfd, 0xb9, 0xa3, 0xe8, 0xd7, 0x8f,
  0x99, 0x14, 0x13, 0xd4, 0xed, 0x08, 0xb2, 0x14, 0xfd, 0x4c, 0x02, 0x9c,
  0x3d, 0x1a, 0x05, 0xaa, 0x36, 0x50, 0x74, 0x1c, 0xf4, 0x2e, 0x3e, 0xbf,
  0x1e, 0x37, 0xeb, 0xcf, 0xbd, 0xd0, 0x22, 0xc1, 0xe0, 0xd6, 0xee, 0xd7,
  0x06, 0xdc, 0xc9, 0xeb, 0xd8, 0x25, 0x0a, 0x07, 0x1d, 0x32, 0x07, 0x0a,
  0x2d, 0x34, 0x01, 0xef, 0x02, 0x16, 0x13, 0x06, 0x7f, 0xdb, 0x1e, 0x19,
  0xd4, 0x06, 0xf5, 0xd4, 0xae, 0xe8, 0xf1, 0xcd, 0x29, 0xc2, 0x02, 0x01,
  0xfa, 0xcf, 0x0c, 0x5b, 0x21, 0xe5, 0xd7, 0x4a, 0xe7, 0xed, 0xf5, 0x12,
  0xc9, 0xf4, 0x1d, 0x10, 0xfe, 0xf8, 0xf3, 0xe0, 0x0b, 0x28, 0x01, 0x09,
  0xf6, 0xc5, 0xe7, 0x02, 0xd1, 0xe1, 0xe9, 0x0e, 0xde, 0xce, 0xea, 0x03,
  0xe7, 0xef, 0xd7, 0xe4, 0x0f, 0x37, 0xe4, 0x1e, 0xd3, 0xf0, 0xd9, 0xcb,
  0xcf, 0x25, 0xae, 0x81, 0xfd, 0xf0, 0xb5, 0xd2, 0x1c, 0xe0, 0xd6, 0xfc,
  0x1d, 0x03, 0x03, 0xc2, 0x28, 0x3c, 0x1f, 0xd6, 0xe8, 0x3d, 0x13, 0x08,
  0x10, 0xdf, 0x5c, 0x14, 0xfb, 0xc1, 0x37, 0xe1, 0xf3, 0x09, 0xc5, 0xd8,
  0xe6, 0x1e, 0x1c, 0xe5, 0x18, 0xf6, 0x14, 0x1a, 0x44, 0xfb, 0xf5, 0x23,
  0x28, 0x39, 0xf5, 0xbc, 0xfc, 0xf6, 0xef, 0xcc, 0x1f, 0x0d, 0x14, 0x29,
  0xe1, 0xf4, 0x15, 0x26, 0xe9, 0x0a, 0x0d, 0x41, 0x7f, 0xfe, 0x09, 0x52,
  0x31, 0xdd, 0xf8, 0x0b, 0xd6, 0x1d, 0xfd, 0x1b, 0xf6, 0xe5, 0x0b, 0xdf,
  0xb1, 0x11, 0x0b, 0xdc, 0x0a, 0x02, 0xf2, 0xec, 0x12, 0xee, 0xd9, 0xf5,
  0xd5, 0xf2, 0xea, 0xeb, 0xfd, 0xe1, 0x1a, 0x0d, 0x0e, 0x24, 0xff, 0xde,
  0x0d, 0x38, 0xe3, 0xfb, 0xf3, 0xcb, 0x04, 0xff, 0x08, 0xe7, 0x20, 0xfa,
  0x1e, 0x0d, 0x01, 0x09, 0x00, 0x81, 0x02, 0x22, 0xf6, 0xa6, 0x23, 0x28,
  0x32, 0x1c, 0x0d, 0xfd, 0xef, 0x2e, 0xf4, 0x04, 0xc9, 0xf2, 0x4c, 0xe7,
  0x07, 0xe7, 0xce, 0x38, 0xf9, 0x20, 0xcf, 0x49, 0xfb, 0x0d, 0xf4, 0xd5,
  0xe0, 0xe3, 0xe8, 0x2a, 0xfb, 0xdc, 0xd6, 0x0d, 0xeb, 0xbf, 0x38, 0xe7,
  0x02, 0x21, 0x0d, 0xe7, 0xf0, 0xd7, 0xf2, 0xfe, 0x0c, 0x23, 0x1b, 0x28,
  0x0e, 0xf2, 0xcd, 0x0d, 0x1f, 0x43, 0xe2, 0x02, 0x14, 0xf9, 0x23, 0xef,
  0x7f, 0xf8, 0x12, 0x11, 0xbe, 0x14, 0x15, 0xe8, 0xba, 0xe1, 0xf5, 0xde,
  0xf2, 0xc1, 0x2a, 0x10, 0x06, 0x03, 0xf5, 0x18, 0x2e, 0xf5, 0xf3, 0x50,
  0xf4, 0x1b, 0x0a, 0x07, 0xf7, 0xfd, 0x1e, 0x13, 0xde, 0x2f, 0x21, 0xe7,
  0xc8, 0x23, 0xd5, 0x1c, 0xd6, 0xba, 0xfc, 0xda, 0xdc, 0xd1, 0xe3, 0xff,
  0xcc, 0xd6, 0x09, 0xe1, 0xcf, 0xe6, 0x00, 0xff, 0x27, 0xca, 0xf3, 0x03,
  0xfe, 0xa1, 0x09, 0x46, 0xec, 0xda, 0x3f, 0x7f, 0x6d, 0xf9, 0x22, 0x4d,
  0x55, 0x12, 0x41, 0x19, 0xeb, 0x7c, 0xfc, 0xf5, 0xf8, 0x1c, 0x07, 0xf8,
  0x9d, 0xeb, 0xe5, 0x07, 0xef, 0xf6, 0x97, 0xe5, 0xcb, 0xfd, 0x32, 0xcd,
  0xf9, 0xb8, 0xea, 0xbe, 0xcb, 0x0e, 0x09, 0xda, 0x04, 0xd7, 0xde, 0x06,
  0xd7, 0xba, 0xc3, 0xeb, 0xab, 0xec, 0xb7, 0x04, 0x1b, 0xea, 0x25, 0x2b,
  0xf2, 0xfe, 0xc8, 0xe8, 0xc7, 0x3d, 0xec, 0x6b, 0xd7, 0xf4, 0x4f, 0x29,
  0x57, 0xbc, 0x18, 0x3e, 0x4a, 0x59, 0xfd, 0x7d, 0xf0, 0x43, 0x1b, 0x22,
  0x14, 0x22, 0x13, 0xd7, 0xc6, 0xfe, 0xf7, 0xfb, 0xce, 0x22, 0xf1, 0xbe,
  0xec, 0x27, 0x1a, 0xfb, 0x13, 0x14, 0xfe, 0x19, 0xc4, 0x24, 0x36, 0x9d,
  0x81, 0xf9, 0xde, 0xc7, 0xd5, 0xfc, 0xf9, 0xc6, 0x31, 0x04, 0xdb, 0xe0,
  0x35, 0xee, 0x59, 0x33, 0xe2, 0x1e, 0x0e, 0xe7, 0xed, 0x0a, 0xf3, 0xde,
  0x17, 0x2c, 0xf4, 0x25, 0xd9, 0x0d, 0x10, 0xb6, 0xdd, 0x03, 0x02, 0xe7,
  0xec, 0xf3, 0xfa, 0xd1, 0xe9, 0xf7, 0x0f, 0x02, 0x30, 0xe6, 0x1d, 0x30,
  0x23, 0xf7, 0xe8, 0xee, 0xd1, 0xd9, 0xdc, 0x1d, 0xdb, 0xe1, 0x01, 0x4f,
  0x7f, 0xf0, 0x1a, 0x78, 0x54, 0x21, 0xf3, 0x4f, 0xdf, 0xf5, 0xe9, 0x3c,
  0xe2, 0x04, 0x35, 0xf2, 0xa3, 0x10, 0x1f, 0xef, 0x2a, 0x32, 0xca, 0xf6,
  0xf5, 0xb1, 0x15, 0x4e, 0x35, 0x81, 0x51, 0x1a, 0xd0, 0xf7, 0xca, 0x42,
  0xc6, 0x1e, 0xeb, 0xe1, 0xe1, 0xd9, 0xd7, 0x2f, 0x08, 0xd7, 0x04, 0x27,
  0xbf, 0x0e, 0x0b, 0x24, 0xe8, 0xd3, 0x06, 0xef, 0x02, 0xee, 0xe2, 0xa7,
  0xe1, 0x19, 0x06, 0xb0, 0xd4, 0xab, 0xc2, 0x1b, 0x3b, 0x12, 0xf5, 0xd7,
  0xde, 0x18, 0xda, 0xbb, 0xe7, 0x12, 0xff, 0xfb, 0x29, 0xce, 0x06, 0x46,
  0xdc, 0xf4, 0x25, 0x02, 0xf2, 0xf2, 0xbc, 0xc8, 0xa4, 0x35, 0xc6, 0xbc,
  0x14, 0x06, 0xc2, 0xe2, 0xf4, 0xb1, 0xf1, 0x19, 0x09, 0xff, 0x05, 0x0c,
  0xc7, 0xe9, 0x28, 0xa6, 0x1f, 0xd1, 0x37, 0x81, 0xde, 0xea, 0x37, 0x1d,
  0x26, 0x24, 0xfa, 0x21, 0xe4, 0x0a, 0xc4, 0x24, 0xe4, 0x10, 0x12, 0xd2,
  0x15, 0x12, 0x25, 0x1f, 0x4a, 0x3d, 0xfb, 0xe2, 0xf0, 0x22, 0x0e, 0x14,
  0x01, 0xe6, 0xe9, 0xc7, 0x0c, 0x30, 0xfb, 0x0a, 0xe0, 0xb6, 0xd2, 0xfc,
  0x4a, 0x81, 0xf8, 0xfc, 0xd1, 0xe0, 0xf6, 0x2d, 0xed, 0x27, 0x02, 0xf7,
  0xf4, 0x0a, 0x16, 0x19, 0x14, 0x17, 0x06, 0x26, 0x0d, 0xfe, 0x10, 0x4c,
  0xed, 0xff, 0xf7, 0xe9, 0xc6, 0x26, 0xf9, 0xd9, 0xf5, 0xf5, 0x00, 0x1a,
  0xff, 0x01, 0x18, 0xe9, 0x31, 0x03, 0x26, 0xc5, 0x16, 0xdc, 0xdb, 0xd9,
  0xe3, 0x00, 0x09, 0x23, 0x00, 0xf5, 0xff, 0xf1, 0xdd, 0x5a, 0x18, 0x1a,
  0xe9, 0xe1, 0xf4, 0xf0, 0x65, 0xf5, 0x1c, 0xd5, 0x81, 0x02, 0x19, 0xce,
  0x9c, 0x06, 0x26, 0xa7, 0xeb, 0xc9, 0x26, 0x10, 0x0a, 0xf5, 0x05, 0x5c,
  0x3e, 0xd1, 0x00, 0x53, 0x34, 0x13, 0xe6, 0x1c, 0xef, 0x1d, 0xda, 0xdf,
  0x15, 0x0e, 0x0d, 0xd8, 0xf1, 0x4d, 0xbd, 0xf4, 0x33, 0xb2, 0x32, 0x1c,
  0xed, 0xe2, 0xfd, 0x28, 0xf8, 0xe3, 0xd6, 0xc8, 0xc6, 0xf7, 0x00, 0xb3,
  0xf8, 0x04, 0xd0, 0x38, 0x22, 0x0d, 0x1a, 0x04, 0xdc, 0x28, 0xee, 0xcf,
  0xae, 0x28, 0xf1, 0xc2, 0x27, 0x1c, 0xfa, 0xbe, 0xcb, 0xff, 0x26, 0x2b,
  0xf4, 0xfe, 0xfb, 0xf4, 0xb9, 0xe4, 0x0c, 0xb3, 0x21, 0x0e, 0x03, 0xcf,
  0x04, 0x63, 0xcc, 0x7f, 0x0c, 0x1e, 0xfc, 0x39, 0x68, 0x18, 0x24, 0x42,
  0x3a, 0xd0, 0xe5, 0x5e, 0xe6, 0xc4, 0x06, 0x51, 0x2a, 0xe9, 0xf5, 0x28,
  0x45, 0x04, 0xe1, 0x26, 0xd1, 0xe4, 0x1b, 0xec, 0x34, 0x1e, 0x00, 0xb9,
  0xe2, 0xef, 0x0a, 0x81, 0x0a, 0x30, 0x0d, 0xda, 0xdb, 0xd4, 0x02, 0xf3,
  0x2f, 0xef, 0xc4, 0x03, 0x24, 0x0c, 0xe8, 0xcb, 0x34, 0xdf, 0x01, 0xf0,
  0x47, 0x4b, 0x01, 0x44, 0xd9, 0xff, 0xe9, 0xf3, 0x30, 0xd2, 0x53, 0x16,
  0x22, 0xe1, 0xfe, 0x2b, 0xfc, 0xec, 0xfc, 0x4e, 0x00, 0x0e, 0x40, 0x1e,
  0x10, 0x1a, 0xfd, 0x1a, 0xf8, 0xee, 0xf8, 0x2d, 0x30, 0xf6, 0x27, 0xff,
  0x01, 0x4a, 0xee, 0x9b, 0xce, 0xfc, 0xb2, 0xdb, 0x22, 0xb5, 0xb5, 0x97,
  0xdb, 0xbe, 0xe4, 0xaf, 0xd7, 0xce, 0xf0, 0xd5, 0x11, 0xaa, 0xda, 0xbe,
  0x05, 0x3b, 0x0b, 0x01, 0x5b, 0x44, 0xcc, 0xeb, 0xd3, 0x9e, 0x34, 0x6a,
  0x5c, 0x9f, 0x4b, 0x3f, 0xe5, 0x1a, 0xee, 0xbf, 0xce, 0x23, 0x1e, 0xcf,
  0xc9, 0x30, 0x23, 0xc2, 0x17, 0xd5, 0x21, 0x7f, 0x2c, 0x4b, 0x25, 0x7e,
  0x1c, 0x2e, 0xed, 0xed, 0xfb, 0xaa, 0xf9, 0x0d, 0x17, 0x81, 0x0d, 0x3a,
  0xd4, 0xf7, 0x21, 0x03, 0x0c, 0xf6, 0xe8, 0xd3, 0x11, 0x0e, 0xfc, 0x35,
  0xd4, 0xf2, 0x1f, 0x34, 0xc1, 0x47, 0xf7, 0x36, 0xda, 0x28, 0x25, 0xfe,
  0xdb, 0x08, 0x4d, 0xf5, 0x02, 0x1e, 0xf0, 0xe7, 0xd7, 0xf4, 0x1d, 0xdc,
  0xfa, 0x26, 0x07, 0xdb, 0xd8, 0xea, 0xe2, 0xf9, 0x1d, 0xdb, 0x18, 0xea,
  0xfb, 0x0b, 0x07, 0xee, 0xec, 0x37, 0x39, 0x03, 0xf1, 0x7f, 0x0b, 0x9f,
  0x67, 0x13, 0xf5, 0xd1, 0xa6, 0x33, 0xe3, 0xbf, 0x91, 0xc1, 0xed, 0xec,
  0x01, 0xac, 0x25, 0x17, 0x48, 0x1f, 0x02, 0x38, 0x3f, 0xd3, 0xfe, 0x50,
  0xda, 0xe0, 0x36, 0x45, 0xed, 0x0e, 0xf4, 0x06, 0xe1, 0x15, 0x1c, 0xbd,
  0x19, 0x0b, 0xd7, 0xd8, 0xfd, 0xc5, 0x3b, 0xd9, 0x08, 0xea, 0xf6, 0x30,
  0xde, 0xd9, 0x31, 0xcc, 0xc9, 0xde, 0xf7, 0xff, 0xfb, 0x4f, 0xcf, 0x3d,
  0xf7, 0x0c, 0x06, 0x43, 0x63, 0xfc, 0x17, 0x25, 0xc6, 0xd4, 0x2b, 0xe5,
  0x04, 0x08, 0x06, 0xb2, 0x3c, 0x18, 0x08, 0xee, 0xc2, 0x0c, 0x0b, 0x2a,
  0x10, 0xe6, 0xf8, 0x7f, 0x35, 0x08, 0xc5, 0xd1, 0xec, 0xe0, 0xe2, 0xea,
  0x31, 0x12, 0xcc, 0x01, 0x1b, 0xd7, 0xf5, 0xfb, 0x10, 0xee, 0x06, 0xc7,
  0x1c, 0xea, 0xec, 0x24, 0xfc, 0x22, 0xbe, 0xf0, 0x02, 0xdf, 0x2f, 0x03,
  0xb0, 0x20, 0x0f, 0x1c, 0x12, 0xf4, 0x22, 0x9f, 0xe0, 0xfe, 0x00, 0x81,
  0xf8, 0xd7, 0x0b, 0xee, 0x27, 0xfa, 0xb9, 0xbd, 0xe7, 0x2b, 0x18, 0x3a,
  0xf6, 0xc7, 0xf0, 0xb7, 0x37, 0xe5, 0x2e, 0xc4, 0x1f, 0x44, 0xfa, 0xdf,
  0xd6, 0xff, 0xf9, 0x10, 0x4a, 0x2c, 0x50, 0x24, 0xff, 0x0f, 0x28, 0x10,
  0x16, 0x2c, 0xe9, 0x23, 0xe8, 0x4f, 0xe1, 0xf2, 0x14, 0x43, 0xe9, 0x13,
  0xe0, 0x17, 0xf6, 0x3d, 0xf8, 0xbc, 0xad, 0xdb, 0x1c, 0xcd, 0x1e, 0x71,
  0xeb, 0xeb, 0xf0, 0x7f, 0x2a, 0x01, 0x05, 0x28, 0x35, 0xf7, 0xee, 0x11,
  0xf0, 0xe5, 0x2c, 0xf6, 0xf2, 0x16, 0xf2, 0xcf, 0x9a, 0x1e, 0xf9, 0xe4,
  0xd7, 0xbe, 0xc0, 0xa8, 0xfb, 0xe6, 0xe9, 0x02, 0x0f, 0xe4, 0xcc, 0xdf,
  0xe4, 0xb4, 0xca, 0xd8, 0x23, 0x19, 0xe4, 0xf2, 0xd9, 0xfc, 0xb8, 0xce,
  0xe2, 0xdc, 0xd0, 0xdc, 0x09, 0xea, 0xe2, 0x13, 0xd6, 0x1c, 0xc7, 0xef,
  0xf1, 0x08, 0xf7, 0x03, 0xcf, 0xdc, 0xfd, 0xb5, 0xe1, 0x14, 0xe1, 0xcb,
  0x09, 0x18, 0xef, 0xf5, 0x10, 0x2b, 0xe3, 0x20, 0x02, 0xd5, 0xd8, 0xf7,
  0xe6, 0x0c, 0x13, 0xeb, 0x38, 0x08, 0xe9, 0xe5, 0x0b, 0x0d, 0x17, 0x42,
  0x0e, 0xe7, 0x12, 0x51, 0xe0, 0x16, 0x0a, 0x20, 0xf5, 0xe7, 0x24, 0x33,
  0xc7, 0xfc, 0x13, 0xe0, 0xf9, 0x05, 0x0f, 0x70, 0x15, 0x12, 0xde, 0x7f,
  0xab, 0xe5, 0x5a, 0xd5, 0xee, 0x01, 0xc1, 0xae, 0xef, 0x3a, 0xff, 0xa4,
  0xfc, 0x43, 0xd0, 0xf8, 0x1e, 0x08, 0x02, 0xb4, 0x13, 0x18, 0xe3, 0xe1,
  0x38, 0xe2, 0xe2, 0xcc, 0xd6, 0x34, 0x05, 0xe4, 0x22, 0x44, 0x05, 0xbf,
  0x03, 0xc9, 0x19, 0x31, 0x69, 0xb4, 0x10, 0xf5, 0x81, 0xc8, 0x2c, 0xe6,
  0xc1, 0x4c, 0x2b, 0xd1, 0xd5, 0xd5, 0x0b, 0x31, 0x1b, 0x2e, 0xfb, 0x67,
  0xe7, 0x09, 0x2f, 0x5a, 0xc0, 0xd5, 0x09, 0x06, 0x1c, 0x1e, 0x2c, 0x90,
  0xf8, 0x45, 0xa3, 0xa3, 0xb7, 0x03, 0xb5, 0xf2, 0x14, 0xf4, 0x48, 0xc3,
  0x11, 0x0d, 0x9e, 0xe1, 0xf2, 0xca, 0xfd, 0x81, 0x12, 0x4c, 0xcc, 0x11,
  0x12, 0xf2, 0xd4, 0x39, 0xe9, 0xf7, 0x00, 0xaa, 0xdf, 0xc1, 0x22, 0xff,
  0x06, 0xe3, 0xd5, 0x06, 0x04, 0x33, 0x8c, 0xef, 0x04, 0x30, 0xb5, 0x00,
  0x1d, 0x03, 0x45, 0xe9, 0xf3, 0x3d, 0x32, 0xc7, 0x38, 0x18, 0x81, 0xb6,
  0x30, 0x96, 0xdf, 0x21, 0xda, 0x8c, 0xfb, 0x5c, 0x42, 0xca, 0x2e, 0x4d,
  0xf4, 0xfb, 0x18, 0x44, 0xf2, 0x23, 0x2f, 0xc4, 0x11, 0xbf, 0xdd, 0x4b,
  0x0e, 0xdb, 0xf4, 0x62, 0xec, 0x13, 0xdc, 0xf5, 0xbb, 0x0e, 0xdf, 0xf3,
  0x0e, 0xc1, 0x0c, 0x3e, 0x0a, 0xf9, 0xe9, 0xdd, 0xe8, 0x0d, 0xce, 0x1d,
  0xd7, 0x04, 0xec, 0xb7, 0x9c, 0xde, 0xfd, 0x04, 0x16, 0xc8, 0x27, 0x56,
  0x14, 0xf2, 0xdc, 0xc0, 0x0b, 0xf9, 0x34, 0xee, 0xea, 0xdd, 0x30, 0xdd,
  0xf0, 0xd1, 0x04, 0xcd, 0x2d, 0x29, 0xea, 0x2d, 0xe7, 0x12, 0xec, 0x27,
  0xfb, 0x03, 0xf1, 0x10, 0x31, 0x07, 0x39, 0xe2, 0xea, 0x05, 0x15, 0x20,
  0x4e, 0x24, 0x18, 0xaa, 0xe3, 0x02, 0xfa, 0x81, 0xd0, 0x28, 0xf7, 0xb1,
  0x23, 0xf4, 0x28, 0xa2, 0xe7, 0xf9, 0xf3, 0x02, 0x03, 0x15, 0x29, 0xca,
  0x0e, 0x0d, 0x1c, 0xe2, 0x08, 0xc2, 0xec, 0x1d, 0x1a, 0xf4, 0xcf, 0xc8,
  0xc7, 0xdf, 0xe2, 0xc5, 0x1f, 0xfd, 0x09, 0xe0, 0xec, 0xf4, 0x0c, 0x10,
  0x32, 0xea, 0xb5, 0xfc, 0xc0, 0xc9, 0x34, 0xcc, 0x00, 0x04, 0x45, 0xbd,
  0xdd, 0x27, 0x55, 0xdc, 0xd1, 0x2c, 0x1c, 0x81, 0xe4, 0xfb, 0xcb, 0xb8,
  0xef, 0x0b, 0x04, 0xab, 0x00, 0x53, 0x2c, 0xfd, 0x48, 0x02, 0x1c, 0xdb,
  0x0b, 0x29, 0x00, 0xad, 0xdb, 0xd4, 0x0e, 0x05, 0xf6, 0x4b, 0xf0, 0xec,
  0xe1, 0x81, 0x0b, 0x11, 0x58, 0xb3, 0x17, 0x3d, 0xa1, 0x05, 0x05, 0x14,
  0xc8, 0x1d, 0x12, 0xf2, 0xef, 0xc4, 0xf1, 0x04, 0xe2, 0xf8, 0xf3, 0x2c,
  0xff, 0xbb, 0xe5, 0xf8, 0xf9, 0xf5, 0xce, 0x0d, 0xba, 0xdf, 0x1f, 0x33,
  0xda, 0x15, 0xf8, 0x08, 0xe4, 0xf7, 0xd1, 0xfe, 0xeb, 0x0b, 0xde, 0xf9,
  0x18, 0xd4, 0xed, 0x18, 0xe6, 0xfc, 0xfe, 0xe2, 0x45, 0xf8, 0xcd, 0x1f,
  0x10, 0xc8, 0xd1, 0xd6, 0x09, 0xb8, 0x17, 0x7f, 0xb2, 0xcc, 0x02, 0x74,
  0x39, 0xdd, 0x1e, 0x38, 0x2c, 0x04, 0xf2, 0x0f, 0x19, 0x06, 0x28, 0x28,
  0xf3, 0xe0, 0xf3, 0x08, 0xc8, 0xf1, 0xd8, 0xe9, 0xf8, 0xd1, 0xbe, 0xb6,
  0xe4, 0x02, 0xfa, 0xf4, 0xf4, 0xc8, 0x16, 0xe5, 0x25, 0xcf, 0xf5, 0xef,
  0xfb, 0x08, 0xd3, 0xe5, 0xd4, 0xf0, 0xcb, 0xb1, 0xd5, 0xe2, 0xc6, 0xff,
  0xfa, 0xaf, 0xec, 0xe0, 0x14, 0x1d, 0xe7, 0x3b, 0x0a, 0xff, 0xf6, 0x69,
  0xf1, 0x10, 0x27, 0x7f, 0x60, 0xfd, 0x40, 0xee, 0x73, 0x3d, 0xc5, 0x6b,
  0x32, 0x1e, 0xe5, 0xe3, 0x0f, 0xf8, 0xdd, 0x1a, 0xdd, 0xf0, 0xd4, 0x30,
  0x07, 0xda, 0x0b, 0x36, 0x3d, 0xfc, 0xe6, 0xcb, 0xfb, 0x1e, 0xf6, 0x32,
  0x9b, 0xfe, 0x0a, 0x08, 0xdb, 0xc7, 0x08, 0xdd, 0xec, 0xf4, 0x31, 0xee,
  0xa7, 0xda, 0xf4, 0xdc, 0x1a, 0xd1, 0x21, 0x23, 0xda, 0x0a, 0x39, 0x1a,
  0x2e, 0xc5, 0x2c, 0xe5, 0xcc, 0x24, 0xbd, 0xa9, 0xfd, 0xf2, 0xef, 0xea,
  0xff, 0xc0, 0x4e, 0x1e, 0xc5, 0xe7, 0xfb, 0xdc, 0x1b, 0xf9, 0xe8, 0x04,
  0xf8, 0xe0, 0x07, 0xd2, 0x29, 0x30, 0xd6, 0xf9, 0x01, 0xe8, 0x2e, 0x16,
  0x7f, 0xb4, 0x5b, 0x3b, 0xea, 0xf4, 0xed, 0xf4, 0x1a, 0x1a, 0x44, 0x2e,
  0xb3, 0xda, 0xf8, 0x3b, 0x10, 0xec, 0xd3, 0x6e, 0xf6, 0xcc, 0x16, 0x25,
  0x19, 0x53, 0x1d, 0xd7, 0xfc, 0x11, 0x17, 0x1d, 0x1f, 0xe5, 0xc2, 0x11,
  0xdd, 0x03, 0xea, 0x09, 0xfe, 0x0a, 0xdf, 0x19, 0xef, 0xe6, 0x07, 0xfb,
  0x16, 0xde, 0xe9, 0x1b, 0x45, 0xf1, 0xf9, 0x40, 0x60, 0x40, 0xe9, 0x08,
  0x13, 0x9e, 0x0e, 0x22, 0x7f, 0xc2, 0x27, 0x42, 0xef, 0x0a, 0x23, 0xed,
  0x00, 0xb7, 0x06, 0xdd, 0xf6, 0xf4, 0x14, 0x2b, 0x34, 0x28, 0xe8, 0x7c,
  0x09, 0x10, 0x02, 0x67, 0xe2, 0x4d, 0x09, 0xf8, 0x15, 0x47, 0xfb, 0xae,
  0x46, 0x17, 0x23, 0xef, 0x81, 0xcf, 0x0e, 0xb7, 0xc8, 0x17, 0xf9, 0xc8,
  0xff, 0xe0, 0xf2, 0xee, 0x07, 0xe4, 0x0c, 0x2a, 0x11, 0x1e, 0x1b, 0xf3,
  0x18, 0xf6, 0x37, 0x02, 0xe7, 0x2b, 0xe4, 0x0b, 0xbe, 0x25, 0xfe, 0xf9,
  0xea, 0x0d, 0xee, 0x15, 0xf9, 0xf0, 0xef, 0x0b, 0x14, 0xf6, 0xe4, 0x35,
  0xec, 0x0e, 0x11, 0xd4, 0xe8, 0x21, 0xdf, 0xcb, 0x12, 0xf7, 0x03, 0x00,
  0x11, 0x1b, 0xe6, 0x06, 0x28, 0xd2, 0xe6, 0xf9, 0x14, 0xf4, 0xdb, 0xf6,
  0xf5, 0xda, 0x14, 0x07, 0x11, 0x05, 0x2c, 0x01, 0xef, 0x04, 0x00, 0x14,
  0x10, 0xfe, 0xf4, 0xea, 0x1f, 0xed, 0xd5, 0xdc, 0x00, 0x01, 0xec, 0x2e,
  0xde, 0xe6, 0x04, 0x1f, 0x6c, 0x06, 0x0e, 0x7f, 0x71, 0x1b, 0x0c, 0x66,
  0xe5, 0x21, 0xf8, 0xdd, 0x1b, 0xfa, 0xdc, 0x03, 0xb1, 0xee, 0xea, 0xf9,
  0x0f, 0x0b, 0xff, 0xe3, 0xe0, 0x24, 0x16, 0x81, 0xc1, 0x12, 0xf8, 0xbb,
  0x11, 0x1a, 0x05, 0xe3, 0xc2, 0xe8, 0x1f, 0xc4, 0x02, 0xf1, 0xa5, 0x3a,
  0x0e, 0xee, 0xcf, 0xf8, 0xfb, 0x16, 0x3c, 0xb5, 0xed, 0x18, 0x2b, 0xf2,
  0xf8, 0x05, 0x0e, 0xf9, 0xc9, 0x14, 0x11, 0xc6, 0xed, 0x25, 0xfe, 0xdb,
  0x1a, 0x36, 0x0a, 0xd8, 0x2d, 0x2b, 0x26, 0x00, 0xf3, 0xb9, 0xef, 0xf7,
  0x1b, 0xdc, 0xda, 0x30, 0x4a, 0x9d, 0x00, 0xe5, 0xf0, 0xcd, 0xf4, 0x3f,
  0xdb, 0xfe, 0xee, 0x7a, 0x6f, 0xd6, 0x40, 0x4f, 0x4c, 0x11, 0xee, 0x77,
  0x21, 0x62, 0x43, 0xf5, 0x04, 0x2a, 0xfe, 0xd1, 0xc6, 0x0f, 0xb7, 0xf0,
  0xd7, 0x43, 0xc3, 0xe4, 0x04, 0x7f, 0x36, 0xdc, 0xe7, 0x1e, 0xe1, 0xfe,
  0xfc, 0x15, 0xc6, 0x8d, 0xb1, 0xd4, 0xd6, 0xa5, 0xbb, 0x8a, 0x2d, 0xe9,
  0xcb, 0xc5, 0xc3, 0xe9, 0x54, 0xac, 0xfb, 0x58, 0xe7, 0xac, 0xf2, 0x55,
  0x46, 0xf3, 0x03, 0x14, 0x0b, 0xff, 0x81, 0x36, 0x22, 0xda, 0x36, 0xf4,
  0xf0, 0x0a, 0xfe, 0xfd, 0xef, 0x1a, 0xb6, 0xb7, 0x2b, 0x1b, 0x30, 0x9b,
  0xd4, 0x22, 0x33, 0xb5, 0x2a, 0x1a, 0x14, 0x2b, 0xfb, 0x9e, 0xe4, 0x19,
  0x76, 0xab, 0x35, 0x66, 0xd6, 0xf3, 0x06, 0x3e, 0xc8, 0x40, 0x30, 0xfc,
  0x45, 0x0c, 0x10, 0x18, 0x2e, 0x15, 0x4a, 0x06, 0x18, 0x1c, 0xfb, 0x4a,
  0x15, 0x26, 0xd3, 0x1e, 0xbc, 0x2e, 0x1d, 0x5f, 0xe8, 0xa8, 0x02, 0xf0,
  0xc1, 0xf2, 0x16, 0xdd, 0x14, 0xbc, 0xfe, 0xdb, 0x31, 0x29, 0x3d, 0x2e,
  0xdd, 0x1e, 0x29, 0x1f, 0xed, 0x2a, 0x1f, 0x3b, 0x5f, 0x7b, 0xd2, 0xe3,
  0xb8, 0xe0, 0x29, 0xfb, 0x7f, 0xd5, 0x18, 0x48, 0xbe, 0xf4, 0x34, 0x5b,
  0xbe, 0x11, 0xf8, 0xbf, 0xf9, 0xf6, 0x1b, 0xe5, 0xbe, 0xa9, 0x30, 0x54,
  0xe5, 0xeb, 0xeb, 0x71, 0xee, 0x0a, 0x35, 0x0d, 0xfb, 0xfb, 0xda, 0x1c,
  0xfb, 0xf6, 0x2b, 0x96, 0x03, 0xff, 0xda, 0xe6, 0xdf, 0xf6, 0x08, 0xfa,
  0xea, 0x0c, 0x19, 0x22, 0xd6, 0x17, 0x03, 0xc3, 0xfc, 0x19, 0x12, 0xe7,
  0x07, 0x4b, 0xc3, 0x30, 0xfd, 0xcc, 0x0e, 0x2a, 0x7f, 0x0a, 0x10, 0x55,
  0xf6, 0xda, 0x33, 0xef, 0xe7, 0x1a, 0xef, 0x11, 0x1f, 0xdb, 0x0f, 0xce,
  0xe5, 0x2a, 0x3c, 0x6b, 0x0f, 0x1d, 0xd1, 0x55, 0xff, 0x3f, 0xfb, 0xe8,
  0xea, 0x2e, 0x1a, 0xfa, 0x7f, 0xe1, 0x54, 0x3b, 0xe0, 0xf2, 0x45, 0x16,
  0xf3, 0xbb, 0xed, 0xee, 0xe3, 0xf5, 0x02, 0x21, 0x06, 0x3b, 0xe4, 0x31,
  0x2c, 0xfa, 0xdf, 0x48, 0xcb, 0x0c, 0x1d, 0xf9, 0xc1, 0x18, 0xe1, 0x3f,
  0x44, 0xd6, 0x09, 0xbb, 0xef, 0x15, 0x2e, 0xbe, 0x32, 0xf6, 0xfe, 0x03,
  0x9d, 0xb8, 0x23, 0xe5, 0x0b, 0xc6, 0xd6, 0x47, 0x07, 0x88, 0x96, 0xdf,
  0xf4, 0xd7, 0x08, 0x13, 0xda, 0x05, 0xe2, 0x00, 0xf9, 0x20, 0xdb, 0xf6,
  0xdf, 0xed, 0xf5, 0x0e, 0x19, 0x15, 0xed, 0x04, 0x02, 0x1c, 0xd0, 0x00,
  0xd3, 0x10, 0x01, 0x08, 0xf0, 0x0e, 0x0a, 0xe9, 0x50, 0xe2, 0xd8, 0xd8,
  0x10, 0xe5, 0xf0, 0x5e, 0xd5, 0xc9, 0x0c, 0x7f, 0x5e, 0xb2, 0x31, 0x46,
  0x45, 0x0d, 0xf3, 0x31, 0xc7, 0x2b, 0x39, 0xf8, 0xee, 0xed, 0xed, 0x01,
  0xda, 0x09, 0xe5, 0x28, 0x08, 0x10, 0xea, 0xee, 0xfa, 0x81, 0x16, 0x1a,
  0x15, 0xc0, 0x0e, 0x04, 0xe5, 0xdc, 0xf0, 0x0b, 0xfd, 0x0a, 0x0d, 0x32,
  0xe8, 0xcf, 0xfd, 0xf9, 0xdc, 0xdf, 0x15, 0x57, 0xcf, 0xe9, 0xed, 0x1f,
  0xd7, 0xd7, 0x05, 0xe8, 0x16, 0xe1, 0xfc, 0x05, 0xe4, 0xe4, 0xf7, 0x25,
  0xee, 0xde, 0x04, 0xea, 0x1b, 0xd6, 0xef, 0xe1, 0xf6, 0xca, 0xf3, 0xf6,
  0xf2, 0x12, 0x1b, 0x15, 0xfd, 0x1b, 0x10, 0x16, 0x1b, 0x4b, 0xc8, 0xea,
  0xf8, 0xed, 0x2c, 0x2a, 0x4d, 0xe8, 0x3f, 0xef, 0xeb, 0xeb, 0x10, 0xf4,
  0xee, 0xfa, 0x1b, 0x35, 0xf4, 0xe4, 0x14, 0x1d, 0x36, 0xdd, 0x2e, 0x47,
  0x27, 0xf9, 0xfa, 0x2c, 0x1b, 0x2c, 0xc7, 0xfd, 0xed, 0x08, 0x0a, 0x21,
  0x5b, 0xf1, 0x47, 0x40, 0x07, 0xcb, 0xf8, 0x3e, 0x0f, 0x0e, 0xfc, 0xc4,
  0x07, 0xe5, 0x46, 0xd3, 0x0f, 0xf2, 0xd8, 0x7f, 0xf5, 0xf3, 0x01, 0x48,
  0xee, 0xe9, 0x18, 0x07, 0xb0, 0xc4, 0x14, 0x5f, 0x03, 0xd8, 0x2e, 0x09,
  0xcd, 0xea, 0x19, 0x44, 0x28, 0xf5, 0xf1, 0x7e, 0xc2, 0xb3, 0x24, 0x01,
  0x32, 0xfc, 0x2a, 0x77, 0x1a, 0x11, 0x1c, 0x69, 0x19, 0x08, 0xd8, 0xe6,
  0x2d, 0xba, 0xe7, 0x9e, 0xa3, 0x35, 0x05, 0x81, 0xd7, 0xee, 0xd7, 0xf5,
  0xb1, 0x10, 0xfc, 0xd7, 0xdc, 0xef, 0xd4, 0x4c, 0x12, 0xdc, 0x02, 0xc7,
  0x11, 0x0d, 0x1b, 0x05, 0x0a, 0xd2, 0xff, 0xff, 0x04, 0x00, 0x00, 0x00,
  0x00, 0x01, 0x00, 0x00, 0x15, 0xdf, 0xff, 0xff, 0xc6, 0xc6, 0xff, 0xff,
  0x29, 0xff, 0xff, 0xff, 0xa7, 0xae, 0xff, 0xff, 0x58, 0xc8, 0xff, 0xff,
  0x3e, 0xee, 0xff, 0xff, 0xf9, 0xcd, 0xff, 0xff, 0xc4, 0x9e, 0xff, 0xff,
  0x3f, 0x14, 0x00, 0x00, 0xe0, 0xaf, 0xff, 0xff, 0x70, 0x01, 0x00, 0x00,
  0x96, 0xf1, 0xff, 0xff, 0xd2, 0xaf, 0xff, 0xff, 0x64, 0xf5, 0xff, 0xff,
  0x5a, 0x94, 0xff, 0xff, 0x1b, 0xcf, 0xff, 0xff, 0xcc, 0xe1, 0xff, 0xff,
  0x31, 0xd3, 0xff, 0xff, 0x21, 0x12, 0x00, 0x00, 0xb5, 0xe1, 0xff, 0xff,
  0xc1, 0x24, 0x00, 0x00, 0x4e, 0x13, 0x00, 0x00, 0xcb, 0x03, 0x00, 0x00,
  0xa0, 0xd1, 0xff, 0xff, 0x7c, 0xf9, 0xff, 0xff, 0xed, 0x1b, 0x00, 0x00,
  0xcb, 0xd9, 0xff, 0xff, 0x2b, 0xc6, 0xff, 0xff, 0xb3, 0xcf, 0xff, 0xff,
  0x28, 0x0b, 0x00, 0x00, 0xe8, 0xd8, 0xff, 0xff, 0xb5, 0xfa, 0xff, 0xff,
  0xdf, 0x1c, 0x00, 0x00, 0xa6, 0xbc, 0xff, 0xff, 0xf7, 0xd5, 0xff, 0xff,
  0xcd, 0xc1, 0xff, 0xff, 0x92, 0xff, 0xff, 0xff, 0xce, 0x0c, 0x00, 0x00,
  0x6e, 0xcf, 0xff, 0xff, 0xb9, 0xb6, 0xff, 0xff, 0x83, 0x1c, 0x00, 0x00,
  0x6f, 0xdd, 0xff, 0xff, 0x94, 0x2e, 0x00, 0x00, 0xf7, 0x09, 0x00, 0x00,
  0x7c, 0xe7, 0xff, 0xff, 0xfa, 0xef, 0xff, 0xff, 0x21, 0x3e, 0x00, 0x00,
  0x5d, 0x1f, 0x00, 0x00, 0xbc, 0x0d, 0x00, 0x00, 0x1a, 0xbb, 0xff, 0xff,
  0xc3, 0xe4, 0xff, 0xff, 0x59, 0xbd, 0xff, 0xff, 0xf0, 0x12, 0x00, 0x00,
  0xa8, 0xbb, 0xff, 0xff, 0xbb, 0xed, 0xff, 0xff, 0xf7, 0xdd, 0xff, 0xff,
  0x31, 0xbc, 0xff, 0xff, 0xa4, 0xcf, 0xff, 0xff, 0x05, 0xb3, 0xff, 0xff,
  0xa1, 0xdc, 0xff, 0xff, 0x58, 0xd0, 0xff, 0xff, 0xea, 0x15, 0x00, 0x00,
  0x18, 0xa6, 0xff, 0xff, 0xb9, 0xea, 0xff, 0xff, 0x16, 0xd3, 0xff, 0xff,
  0x04, 0x00, 0x00, 0x00, 0x00, 0x28, 0x00, 0x00, 0x01, 0x03, 0xf9, 0xf0,
  0xf8, 0x08, 0x05, 0xfa, 0x08, 0xff, 0xf8, 0xfd, 0x00, 0xfb, 0x03, 0xfb,
  0x05, 0xff, 0xfb, 0x0a, 0xf2, 0x07, 0x01, 0x07, 0x16, 0xfd, 0xf5, 0x08,
  0xf3, 0x00, 0x02, 0x0b, 0xf9, 0x09, 0x00, 0x02, 0x0a, 0x08, 0x06, 0x05,
  0x02, 0xf0, 0xed, 0xfd, 0xfd, 0x00, 0xfe, 0xf9, 0xfa, 0x02, 0x09, 0xfc,
  0x00, 0xf0, 0xff, 0x05, 0x05, 0xfd, 0xfb, 0x02, 0xf8, 0xfd, 0xff, 0x04,
  0xf8, 0x06, 0x03, 0xfd, 0x01, 0xf4, 0x05, 0x06, 0xfb, 0x01, 0xf8, 0xfd,
  0x04, 0x00, 0xfa, 0xf1, 0xf6, 0x08, 0x09, 0x03, 0xff, 0xf6, 0xf7, 0xfc,
  0x01, 0x01, 0xfe, 0xfe, 0x01, 0x02, 0x06, 0x06, 0xfe, 0x01, 0x0c, 0xfa,
  0xfb, 0x03, 0xfc, 0x08, 0x00, 0x00, 0xf8, 0xf6, 0xf0, 0xfd, 0x05, 0xf1,
  0xfe, 0xf3, 0x0d, 0xf9, 0xfc, 0xf5, 0x06, 0xfb, 0xfb, 0x01, 0x04, 0x05,
  0xfb, 0xff, 0xfd, 0xf4, 0xff, 0x0e, 0xff, 0x0a, 0x00, 0x00, 0xfb, 0x0d,
  0xf6, 0x00, 0x01, 0x07, 0x08, 0x00, 0xf8, 0xff, 0x00, 0x07, 0xfa, 0x11,
  0xfc, 0xf6, 0xfe, 0x07, 0xfe, 0xfd, 0xfd, 0x06, 0x01, 0x06, 0xf5, 0xef,
  0x05, 0x03, 0xf9, 0x03, 0xfb, 0x04, 0xf2, 0xfe, 0xf9, 0x02, 0xf9, 0xfd,
  0xff, 0xf9, 0xf9, 0x02, 0x05, 0x0a, 0x05, 0x05, 0xfc, 0x01, 0xf6, 0x07,
  0x03, 0xfe, 0x04, 0xfe, 0xff, 0x0b, 0x05, 0x02, 0xf9, 0x08, 0xf8, 0xff,
  0x08, 0xf1, 0xf5, 0x0d, 0x05, 0xfd, 0xf9, 0xf7, 0x09, 0xfe, 0xfb, 0xea,
  0xea, 0xf7, 0xfa, 0x08, 0xfb, 0x06, 0xf8, 0x01, 0x03, 0xf9, 0x08, 0x0c,
  0xff, 0xff, 0xfc, 0xfd, 0x05, 0x04, 0xf2, 0xff, 0xfc, 0x01, 0x08, 0xf4,
  0x01, 0xfd, 0x0c, 0x09, 0xf5, 0x02, 0xfb, 0xfc, 0x10, 0x0a, 0xfe, 0xf4,
  0x00, 0xff, 0xf9, 0x0e, 0x00, 0x01, 0xf3, 0xff, 0x00, 0x07, 0x0d, 0xf4,
  0x10, 0x09, 0x01, 0x02, 0xf9, 0x29, 0x1c, 0x0e, 0x17, 0x08, 0x06, 0xe7,
  0x0a, 0x11, 0x09, 0xf6, 0x04, 0x0f, 0x08, 0x10, 0x1a, 0x15, 0xf8, 0x19,
  0xf3, 0x11, 0xf9, 0x18, 0x14, 0xf7, 0x03, 0x0c, 0x10, 0x08, 0x0c, 0x01,
  0xf1, 0x37, 0x04, 0x07, 0xe3, 0x07, 0x00, 0x05, 0xfe, 0xfc, 0x06, 0xfb,
  0xde, 0xff, 0x00, 0xff, 0x33, 0x19, 0x07, 0x0c, 0x05, 0x09, 0x07, 0x17,
  0xea, 0xf2, 0x09, 0xfa, 0xfa, 0xff, 0x0a, 0xf6, 0xfd, 0x06, 0x03, 0xff,
  0xf7, 0x03, 0xfe, 0x00, 0x03, 0x06, 0xfe, 0xfd, 0xf6, 0x03, 0xfe, 0x00,
  0xfe, 0x01, 0xfc, 0x03, 0xf8, 0xfd, 0x05, 0xf9, 0xf9, 0xfa, 0x05, 0xfb,
  0xfd, 0x06, 0x04, 0xfa, 0x0e, 0xf1, 0x05, 0xfb, 0x00, 0xfc, 0x02, 0xfd,
  0xfb, 0xfc, 0xfe, 0x06, 0x07, 0x0c, 0x03, 0xfe, 0xf8, 0x07, 0xf8, 0x00,
  0x0d, 0xfa, 0x06, 0x09, 0xfb, 0x0d, 0x05, 0x04, 0xfd, 0x08, 0x05, 0xfd,
  0x03, 0xf7, 0x00, 0xfd, 0x06, 0xf6, 0xfc, 0x02, 0x01, 0xfa, 0xfa, 0x0c,
  0xfb, 0x03, 0xfd, 0xfd, 0xfe, 0xf9, 0x06, 0x00, 0x17, 0x04, 0xf4, 0xf0,
  0xfc, 0x00, 0xff, 0xfd, 0xfd, 0xf4, 0xfd, 0xff, 0xfc, 0x02, 0x00, 0xfb,
  0x09, 0x08, 0x05, 0xfb, 0xf1, 0xfd, 0x00, 0x01, 0x05, 0xfb, 0x09, 0x03,
  0xf7, 0x04, 0xfc, 0xfa, 0x06, 0xff, 0x09, 0x01, 0x04, 0x02, 0xfa, 0xfb,
  0x03, 0x01, 0x01, 0xf8, 0x01, 0xfa, 0x06, 0xff, 0x01, 0x0b, 0x0f, 0xff,
  0x0c, 0x0b, 0x05, 0xfb, 0x0a, 0xff, 0x06, 0x07, 0xfe, 0xf7, 0x05, 0xff,
  0x02, 0x01, 0x00, 0x07, 0x03, 0xfe, 0x06, 0xfa, 0xfa, 0x0d, 0x04, 0x09,
  0xf9, 0x09, 0xfb, 0xf3, 0xed, 0xf9, 0xf6, 0x04, 0x08, 0x02, 0xf2, 0xfa,
  0xfa, 0x05, 0xf7, 0x09, 0x05, 0x00, 0xf4, 0x0d, 0xfe, 0xf3, 0xfc, 0x04,
  0x01, 0xfd, 0x09, 0x02, 0x00, 0x0a, 0xfc, 0x02, 0x04, 0x05, 0xfc, 0x0d,
  0xfa, 0x0e, 0xf9, 0x03, 0x08, 0x07, 0xff, 0xfd, 0xfe, 0xf6, 0x0f, 0xfd,
  0x10, 0x02, 0xfa, 0xf6, 0xfd, 0x0c, 0xfe, 0x06, 0x03, 0xfa, 0x0c, 0xfa,
  0xfd, 0x00, 0x05, 0x03, 0x05, 0x09, 0x03, 0xf9, 0xfb, 0xeb, 0xee, 0x03,
  0x00, 0x05, 0xf6, 0xf5, 0x04, 0x03, 0xf6, 0x07, 0xfc, 0xfb, 0x03, 0x09,
  0xfd, 0x01, 0xfb, 0xf5, 0x06, 0xf8, 0xfe, 0xec, 0xfe, 0x13, 0x15, 0xfb,
  0x06, 0x2a, 0x2c, 0x12, 0x16, 0x0c, 0xfc, 0xe1, 0x08, 0x09, 0x01, 0xe1,
  0x08, 0x0d, 0xf8, 0x0c, 0x0b, 0x17, 0x01, 0x0e, 0xff, 0x20, 0xf1, 0x04,
  0x0e, 0x0b, 0x03, 0x10, 0x12, 0x08, 0x0b, 0x05, 0x04, 0x2c, 0x06, 0x11,
  0xe7, 0x13, 0x03, 0xfb, 0x02, 0xf9, 0x07, 0x08, 0xcf, 0x08, 0x03, 0x02,
  0x24, 0x03, 0xfe, 0x14, 0x02, 0x06, 0x04, 0x09, 0xee, 0x07, 0xfe, 0x13,
  0x01, 0xfa, 0xfc, 0x02, 0x06, 0xf8, 0xfa, 0xfd, 0x01, 0xf9, 0xfd, 0xff,
  0xfc, 0x00, 0xfe, 0xff, 0x02, 0xfb, 0x00, 0x01, 0xfd, 0x02, 0x05, 0xff,
  0x04, 0xfe, 0x03, 0x06, 0x01, 0x02, 0x01, 0xfe, 0x00, 0xff, 0xfe, 0xff,
  0xfe, 0xfe, 0xfd, 0x02, 0x01, 0x01, 0xff, 0x02, 0x02, 0xfc, 0x07, 0x02,
  0x03, 0x04, 0x00, 0x01, 0xff, 0x01, 0xfd, 0x05, 0x03, 0x07, 0x00, 0xfc,
  0xfd, 0xfe, 0xfe, 0xfb, 0x01, 0x07, 0xff, 0xfe, 0x00, 0x00, 0xfe, 0xff,
  0x01, 0xff, 0xff, 0xfd, 0x02, 0x01, 0xfd, 0x00, 0xfe, 0xfc, 0x02, 0x00,
  0x05, 0x02, 0x00, 0xfc, 0x00, 0x00, 0x01, 0x02, 0x01, 0xff, 0xff, 0xfe,
  0xfd, 0xfc, 0xfd, 0x06, 0xfb, 0x03, 0x00, 0x00, 0x02, 0xfd, 0xff, 0xfe,
  0xff, 0xff, 0x03, 0x03, 0xfd, 0xfa, 0xfd, 0x01, 0x01, 0x04, 0x01, 0xfd,
  0x00, 0x03, 0x00, 0xfe, 0x02, 0xfe, 0xff, 0xfd, 0x01, 0xff, 0x03, 0x02,
  0x00, 0x04, 0x01, 0x03, 0xfd, 0x00, 0x01, 0x02, 0xff, 0xfc, 0xff, 0xfe,
  0xff, 0x03, 0x02, 0xff, 0xfb, 0xff, 0x01, 0x01, 0xff, 0xff, 0xfd, 0x02,
  0xfe, 0xfd, 0xff, 0x03, 0x04, 0xff, 0x01, 0x05, 0xfb, 0x03, 0x02, 0x01,
  0x03, 0x03, 0xfd, 0x02, 0x03, 0xfd, 0x01, 0xfd, 0x01, 0x03, 0x03, 0x03,
  0x03, 0x00, 0xff, 0x04, 0x02, 0x00, 0xfd, 0xfa, 0x01, 0x04, 0xfc, 0x01,
  0xfa, 0x01, 0xfe, 0x01, 0xfd, 0xff, 0x02, 0xfe, 0x02, 0xfe, 0x02, 0x01,
  0x00, 0x03, 0x04, 0xfd, 0xfd, 0xf9, 0x00, 0xff, 0x04, 0xff, 0x02, 0xff,
  0x02, 0x01, 0x07, 0x00, 0xff, 0x00, 0xfd, 0x04, 0xfc, 0xfd, 0x05, 0x01,
  0x05, 0x03, 0xfd, 0xff, 0x06, 0xfc, 0x05, 0x01, 0x02, 0x00, 0x01, 0x00,
  0x04, 0x04, 0x00, 0xfd, 0xfd, 0xfa, 0x01, 0x01, 0xfd, 0xfb, 0xfb, 0x03,
  0xfd, 0xfe, 0x01, 0x04, 0x02, 0x06, 0xf4, 0x0e, 0xff, 0xfb, 0x02, 0xfc,
  0xf7, 0x01, 0xf7, 0x00, 0x06, 0xf5, 0x07, 0x03, 0xf8, 0x01, 0x00, 0x0a,
  0x00, 0xf3, 0x04, 0x07, 0x03, 0xf1, 0x05, 0x08, 0x06, 0xfb, 0x02, 0x00,
  0xf9, 0x07, 0xfe, 0x01, 0xfd, 0xff, 0xf3, 0x06, 0x06, 0x04, 0xfb, 0xfe,
  0x08, 0xfe, 0x03, 0xf5, 0x0a, 0x0b, 0x01, 0xfb, 0xfd, 0x06, 0x03, 0x0a,
  0xfc, 0xfc, 0xfd, 0xfc, 0x04, 0xfb, 0x02, 0x08, 0xf8, 0x01, 0x03, 0xff,
  0x02, 0x04, 0x00, 0xfe, 0xff, 0xfb, 0x03, 0xff, 0x06, 0xf5, 0xfe, 0x01,
  0xfd, 0xff, 0x08, 0xff, 0xfa, 0xf4, 0x04, 0xfa, 0x02, 0x06, 0x04, 0xfb,
  0xf9, 0xf9, 0xff, 0x07, 0x00, 0x01, 0x03, 0x02, 0x03, 0xfa, 0xfe, 0xfc,
  0x09, 0xfe, 0xfb, 0x08, 0xf4, 0x09, 0xf7, 0x01, 0x07, 0x04, 0x01, 0xfd,
  0x07, 0x0b, 0x00, 0xf8, 0x03, 0xfe, 0x04, 0xfc, 0x02, 0xfb, 0x06, 0xfb,
  0x06, 0xfc, 0x09, 0x06, 0x03, 0xf9, 0x03, 0x00, 0xfd, 0x08, 0x04, 0x08,
  0x0b, 0x02, 0xfa, 0x00, 0xfa, 0x06, 0x05, 0xfa, 0x06, 0x07, 0xfa, 0xff,
  0x05, 0x07, 0x05, 0x03, 0x04, 0xfe, 0xf3, 0xfa, 0x05, 0x02, 0x02, 0xfa,
  0xfb, 0x03, 0x08, 0x02, 0x04, 0x0b, 0x02, 0xff, 0x01, 0x01, 0x08, 0xff,
  0x04, 0x06, 0x00, 0xfd, 0xff, 0x05, 0x00, 0x04, 0x04, 0x06, 0x09, 0xfa,
  0xff, 0x02, 0x06, 0xf8, 0x01, 0x02, 0x06, 0xfd, 0x04, 0xf4, 0x00, 0xf7,
  0xfe, 0xff, 0x06, 0x01, 0x08, 0x0b, 0x03, 0x01, 0x06, 0xfb, 0x02, 0xfd,
  0xf7, 0x04, 0xfc, 0xfa, 0xfc, 0xf6, 0x00, 0xfd, 0x01, 0xfc, 0xfe, 0x04,
  0x02, 0x04, 0xf7, 0xfc, 0x03, 0x05, 0xfc, 0xfa, 0x04, 0x01, 0xfa, 0xfa,
  0xfb, 0xf1, 0x04, 0x02, 0x03, 0x0f, 0x00, 0x00, 0xfd, 0x00, 0x08, 0xfb,
  0x00, 0x0a, 0x01, 0x06, 0x06, 0xfc, 0x01, 0x03, 0xfd, 0x02, 0x03, 0xfc,
  0xf6, 0x05, 0x06, 0x0d, 0xfe, 0xff, 0x08, 0x07, 0xf9, 0x00, 0x02, 0x02,
  0x07, 0x09, 0x02, 0x01, 0x07, 0x08, 0x01, 0xf6, 0x03, 0xfa, 0x01, 0x0d,
  0xf4, 0x07, 0x01, 0x09, 0xf9, 0xfb, 0x01, 0xfa, 0x0c, 0x01, 0xfd, 0xfe,
  0xf5, 0x01, 0x09, 0x07, 0x00, 0x00, 0xff, 0x05, 0xfa, 0xfb, 0x0a, 0xfc,
  0x04, 0xfd, 0x06, 0x00, 0x02, 0xf7, 0x00, 0xfc, 0xfe, 0xf6, 0xfa, 0xfd,
  0x01, 0xe7, 0x14, 0x05, 0xfe, 0xf8, 0xfa, 0x02, 0x16, 0xfb, 0x0c, 0x04,
  0xf4, 0x0a, 0xfb, 0x08, 0x0f, 0x00, 0x05, 0xdf, 0xf4, 0x07, 0x05, 0xe6,
  0x12, 0x07, 0x0b, 0xec, 0xf7, 0x15, 0x03, 0x18, 0x10, 0xf7, 0xfe, 0x03,
  0x19, 0xf6, 0xfe, 0x07, 0xfb, 0x04, 0x0c, 0x04, 0x08, 0xf5, 0xfd, 0x2c,
  0xf9, 0x09, 0xf8, 0x0a, 0xf5, 0xe5, 0x02, 0xdf, 0x09, 0x02, 0x05, 0xfe,
  0xf9, 0x17, 0x01, 0x04, 0xf5, 0x01, 0xf5, 0xd5, 0x0a, 0xfa, 0xfc, 0x1d,
  0xf8, 0xf6, 0xe4, 0x03, 0xea, 0xf4, 0x09, 0x02, 0x02, 0x07, 0x0e, 0xfc,
  0x08, 0xf0, 0x04, 0x00, 0x0d, 0x03, 0xe5, 0x2c, 0xf1, 0x08, 0x14, 0xe6,
  0x09, 0xe3, 0x0f, 0x0a, 0x14, 0x09, 0xf2, 0xea, 0xfb, 0x0b, 0x12, 0xf9,
  0xea, 0x12, 0x09, 0x08, 0xde, 0x0b, 0x13, 0x0d, 0xed, 0xef, 0x16, 0x15,
  0x04, 0xf5, 0x03, 0x11, 0xfe, 0xf6, 0x0c, 0xf5, 0xec, 0xe5, 0xfd, 0x05,
  0x0d, 0xeb, 0xfd, 0xf6, 0xf1, 0x1a, 0x14, 0x0a, 0x0d, 0xf6, 0xe8, 0x01,
  0xee, 0xf9, 0x15, 0xf1, 0x00, 0x06, 0x2f, 0x01, 0x12, 0xee, 0xf6, 0xeb,
  0x02, 0xf6, 0xeb, 0x01, 0xff, 0xf1, 0xf1, 0xfd, 0x0a, 0xf9, 0x32, 0x14,
  0x07, 0xfe, 0x02, 0xe9, 0xee, 0x05, 0xed, 0xe5, 0x00, 0x15, 0xfe, 0xef,
  0x06, 0x02, 0xf3, 0x05, 0x0c, 0x00, 0x06, 0x09, 0xfc, 0xec, 0xf8, 0x08,
  0xf1, 0x22, 0xf5, 0x00, 0xdc, 0x0a, 0xf0, 0x05, 0xff, 0xfc, 0x0b, 0xf5,
  0xf9, 0x0d, 0x2b, 0x0a, 0x24, 0x15, 0xf6, 0x0f, 0x0a, 0xff, 0xfd, 0x03,
  0xf5, 0xf2, 0xf8, 0xef, 0xe1, 0x18, 0xfd, 0xef, 0xf1, 0x19, 0xf4, 0xfc,
  0x10, 0xf9, 0x08, 0x02, 0x0e, 0x14, 0xfd, 0xef, 0xfc, 0xe9, 0xdc, 0xfb,
  0x0d, 0x13, 0x01, 0x09, 0x02, 0xf4, 0xff, 0xfe, 0x27, 0xe8, 0x04, 0xfe,
  0xfa, 0x19, 0xf5, 0x0e, 0x1f, 0x02, 0x06, 0x12, 0x01, 0x06, 0xee, 0xe5,
  0x10, 0xf2, 0xed, 0xfe, 0x03, 0x01, 0x00, 0xfa, 0x02, 0xf4, 0xea, 0xff,
  0xf5, 0x15, 0xf1, 0xfc, 0x08, 0x17, 0xed, 0xfd, 0xfd, 0x00, 0xeb, 0x11,
  0xf5, 0x11, 0xfb, 0x17, 0xf0, 0x18, 0xd7, 0xeb, 0xe0, 0x05, 0xf5, 0x1d,
  0x0c, 0x07, 0xfb, 0x00, 0xfe, 0xfd, 0x1f, 0x06, 0x03, 0x01, 0x08, 0xf1,
  0xfc, 0xf1, 0xf9, 0xeb, 0xea, 0x0f, 0xf3, 0xd8, 0xfd, 0x14, 0x14, 0x2a,
  0xea, 0x46, 0x6d, 0x17, 0xfa, 0x1a, 0x08, 0xd7, 0x1a, 0x01, 0x15, 0xc5,
  0x0d, 0x00, 0x0a, 0x2f, 0xff, 0x3d, 0x1a, 0x3f, 0xef, 0x17, 0x07, 0x3d,
  0x2d, 0xe7, 0x25, 0xf1, 0x22, 0xfd, 0x1f, 0xf5, 0x05, 0x7c, 0x1b, 0x1b,
  0xcc, 0x0b, 0x04, 0x03, 0x15, 0xdd, 0x0c, 0xf6, 0xd0, 0x10, 0x02, 0xf5,
  0x67, 0x2d, 0xfe, 0x36, 0xec, 0x09, 0x13, 0x23, 0xef, 0xde, 0x0c, 0x03,
  0xf2, 0x01, 0xfe, 0xe0, 0xfe, 0x07, 0xfe, 0x1f, 0xf6, 0x05, 0xeb, 0x11,
  0xfd, 0xed, 0xd7, 0x06, 0x1b, 0x16, 0xf9, 0x06, 0x05, 0x05, 0x08, 0xf6,
  0x02, 0xdb, 0x06, 0x0b, 0x17, 0x0f, 0x0f, 0x09, 0x02, 0xda, 0x13, 0x0a,
  0x06, 0xf6, 0x00, 0xff, 0xf7, 0xea, 0xfc, 0x0c, 0xd3, 0x0e, 0x04, 0xf1,
  0xf6, 0xfc, 0x07, 0xfc, 0xfe, 0x06, 0xe2, 0x09, 0xfb, 0xe3, 0x02, 0x0c,
  0x12, 0x11, 0xf5, 0xee, 0xf4, 0x17, 0x16, 0x11, 0xff, 0x06, 0xf6, 0x0a,
  0xfe, 0x14, 0xed, 0x09, 0x0a, 0xf8, 0xf0, 0xf8, 0xf5, 0x27, 0x08, 0x09,
  0xfa, 0xfd, 0xf4, 0x0a, 0x11, 0xe1, 0x0b, 0xff, 0xf0, 0x01, 0x0a, 0xfe,
  0x07, 0x09, 0x09, 0x0d, 0x04, 0x02, 0xef, 0x0b, 0x01, 0x08, 0xf1, 0xe5,
  0x21, 0xee, 0x01, 0x08, 0x12, 0x0e, 0xfb, 0x04, 0xe7, 0xef, 0xeb, 0x03,
  0xf6, 0xf3, 0xfb, 0xfe, 0x01, 0x0b, 0x1b, 0x02, 0x1a, 0xf8, 0x02, 0xec,
  0xe8, 0x1a, 0x07, 0xf1, 0x0b, 0xfb, 0xed, 0xe5, 0xf7, 0xed, 0x0b, 0xea,
  0x06, 0x03, 0xfb, 0xf9, 0xf6, 0xe7, 0xfc, 0xea, 0xfa, 0xf7, 0x02, 0x03,
  0xcf, 0x09, 0xe9, 0xe0, 0x00, 0x0e, 0x00, 0x05, 0xd6, 0x0a, 0x13, 0xe9,
  0xf8, 0x0d, 0xe0, 0xf3, 0xf3, 0x05, 0xea, 0xf7, 0x02, 0x19, 0x02, 0x0f,
  0xe7, 0xf5, 0x09, 0x0a, 0x19, 0xf6, 0x04, 0xf9, 0xe2, 0xed, 0x03, 0x0e,
  0x0e, 0x07, 0xed, 0x0e, 0xe5, 0xfd, 0xe8, 0x00, 0xee, 0x35, 0xfa, 0x17,
  0xfe, 0xef, 0xff, 0x0b, 0x05, 0xfa, 0xf8, 0xff, 0x12, 0x17, 0xf6, 0x11,
  0x09, 0xf1, 0xff, 0xeb, 0x06, 0x14, 0x06, 0x09, 0x15, 0xfb, 0xdb, 0x16,
  0x14, 0xec, 0x01, 0x0a, 0xff, 0xed, 0xf7, 0x13, 0x08, 0x0f, 0xff, 0xfb,
  0xfd, 0x0f, 0xff, 0x07, 0x10, 0xf2, 0xf9, 0xe9, 0x13, 0xfd, 0xde, 0x02,
  0x07, 0x06, 0x05, 0xe3, 0xf8, 0x1d, 0x0f, 0x1b, 0x1a, 0x2a, 0x73, 0x01,
  0x11, 0x08, 0xe9, 0xeb, 0x2d, 0x1b, 0x08, 0xda, 0x1f, 0x21, 0x06, 0x3b,
  0x26, 0x2b, 0xe9, 0x40, 0x0b, 0x2a, 0xe8, 0x24, 0x32, 0x13, 0x10, 0x05,
  0x35, 0x1c, 0x00, 0x09, 0xf3, 0x7f, 0x0e, 0xff, 0xd1, 0x0e, 0x08, 0xf4,
  0x05, 0x0b, 0xed, 0xdc, 0xd9, 0x0e, 0xf9, 0x06, 0x60, 0x36, 0x0a, 0x41,
  0xf8, 0x19, 0x03, 0xfa, 0xfd, 0xef, 0xf9, 0x23, 0xf4, 0xf6, 0x05, 0x01,
  0xfc, 0xff, 0x03, 0x04, 0x01, 0x06, 0xff, 0xfc, 0xfa, 0x08, 0xff, 0x03,
  0x09, 0x01, 0xfd, 0xfc, 0x05, 0x00, 0x00, 0x05, 0xfb, 0x02, 0xfa, 0xf9,
  0xff, 0x01, 0xf9, 0xf8, 0x04, 0x08, 0xfe, 0xfc, 0x01, 0x0e, 0xf8, 0xfc,
  0xfb, 0x01, 0x03, 0xfe, 0xfa, 0xff, 0xfd, 0xfa, 0xfb, 0xf9, 0x0c, 0xfa,
  0x02, 0x01, 0xfa, 0xfe, 0xff, 0x04, 0x02, 0x07, 0xf8, 0xfc, 0xfb, 0xef,
  0x08, 0xff, 0xfe, 0x0b, 0xf6, 0x03, 0x02, 0x0d, 0x00, 0x02, 0xfb, 0xfd,
  0x02, 0xf9, 0x09, 0x02, 0xf6, 0x06, 0x01, 0xf9, 0xff, 0x01, 0xfa, 0x02,
  0x03, 0x06, 0x02, 0x01, 0xf8, 0x06, 0xf8, 0x08, 0xf9, 0x05, 0x03, 0xfb,
  0xfe, 0xfc, 0x06, 0x01, 0x07, 0x04, 0x04, 0x0c, 0xf6, 0xfb, 0xfc, 0x01,
  0x04, 0xff, 0x0d, 0xff, 0xfb, 0xf7, 0xff, 0xfe, 0xff, 0x08, 0x02, 0x07,
  0xfa, 0xfb, 0x0b, 0x00, 0xf4, 0x0c, 0x02, 0xf4, 0xfb, 0xff, 0x08, 0x06,
  0x08, 0x08, 0xff, 0xf9, 0xfe, 0x00, 0x02, 0x01, 0x01, 0xfa, 0xfd, 0xf7,
  0x06, 0x05, 0x02, 0xfb, 0x04, 0x04, 0xf8, 0x04, 0xfc, 0xfb, 0xfb, 0xfd,
  0x03, 0x0a, 0xfa, 0xf6, 0x02, 0x03, 0xf4, 0xfb, 0xf9, 0x02, 0xfe, 0x04,
  0xf7, 0x02, 0xfe, 0xfb, 0xfe, 0xf7, 0x00, 0xf9, 0x04, 0x08, 0xfb, 0x03,
  0x03, 0x02, 0x04, 0xfe, 0x05, 0xf6, 0xff, 0xfd, 0xfe, 0xff, 0x01, 0x02,
  0x03, 0x08, 0xfd, 0x07, 0xfe, 0xf8, 0x04, 0xfa, 0x05, 0x05, 0x04, 0xff,
  0xfe, 0xfc, 0x00, 0x04, 0x00, 0xf8, 0x01, 0x01, 0x0c, 0xf6, 0xfd, 0xfc,
  0x03, 0x07, 0xfc, 0xfb, 0xfe, 0xff, 0xfa, 0xfd, 0xfd, 0x00, 0xfe, 0x00,
  0x05, 0x02, 0x0f, 0xfb, 0xfb, 0x00, 0x00, 0xfc, 0xfc, 0xff, 0x09, 0x09,
  0x02, 0xfb, 0x06, 0x02, 0x0b, 0xfd, 0x06, 0xfc, 0xfd, 0xf8, 0x01, 0xfd,
  0xff, 0xee, 0x13, 0xf7, 0xfd, 0xfc, 0xf6, 0xfa, 0x18, 0x0a, 0x14, 0x07,
  0xf6, 0x0b, 0xfc, 0x07, 0x06, 0x02, 0x00, 0xe4, 0x00, 0x08, 0x09, 0xec,
  0x0f, 0x0e, 0x06, 0xe8, 0xf3, 0x09, 0xfe, 0x24, 0x14, 0xf8, 0xfa, 0x09,
  0x0f, 0xf7, 0x06, 0xfc, 0xfb, 0xf5, 0x0b, 0x02, 0x10, 0xf9, 0xff, 0x17,
  0xfa, 0xf8, 0x0a, 0x0b, 0xfd, 0xf5, 0xfb, 0xf3, 0x0b, 0xfa, 0xfc, 0x05,
  0xf6, 0x16, 0x00, 0x03, 0x03, 0x01, 0x07, 0xf5, 0x04, 0x05, 0xf8, 0x05,
  0x01, 0x0b, 0x02, 0x04, 0x0e, 0x00, 0x06, 0xfa, 0x01, 0xf9, 0x07, 0x02,
  0xf9, 0x03, 0x01, 0x0c, 0x02, 0xfc, 0x05, 0x02, 0x07, 0x07, 0xf3, 0xf6,
  0x02, 0x01, 0xfe, 0xfa, 0xf6, 0x08, 0xfa, 0x02, 0xfb, 0x06, 0xef, 0x00,
  0x01, 0xfc, 0xfa, 0x08, 0x00, 0x0c, 0x01, 0x05, 0xfc, 0xfd, 0x09, 0x0b,
  0xfd, 0xff, 0x07, 0x0c, 0x08, 0x01, 0x03, 0xfc, 0xec, 0xf7, 0xfd, 0x0c,
  0x04, 0xfd, 0x06, 0x06, 0x0d, 0xfa, 0x05, 0x02, 0x18, 0xf8, 0x06, 0x01,
  0x04, 0xfb, 0x05, 0xfb, 0x05, 0xfd, 0x02, 0x01, 0x11, 0x04, 0x05, 0xf9,
  0xf5, 0xfd, 0x09, 0x03, 0x07, 0x12, 0xff, 0x02, 0x01, 0x00, 0xfe, 0x0f,
  0x05, 0x08, 0x00, 0xfd, 0x00, 0xf9, 0xfa, 0x03, 0xfe, 0xf7, 0xff, 0x03,
  0xfe, 0x03, 0x02, 0x00, 0x07, 0x04, 0xfc, 0x00, 0x04, 0x00, 0x0a, 0x04,
  0x09, 0xff, 0x03, 0x08, 0xfd, 0x00, 0xfd, 0xff, 0xfc, 0x09, 0xf7, 0x01,
  0xff, 0x01, 0xf4, 0xf8, 0xfc, 0xfb, 0xfa, 0x0c, 0xfb, 0xfa, 0xf7, 0x06,
  0xf8, 0x01, 0x08, 0x05, 0x09, 0x05, 0x00, 0x03, 0xfa, 0x06, 0x04, 0x0e,
  0x02, 0xf8, 0x14, 0x0c, 0xf8, 0x08, 0x03, 0xfd, 0x06, 0x05, 0xf5, 0xfd,
  0x0d, 0x03, 0xfb, 0x02, 0xff, 0xfb, 0xff, 0x05, 0x07, 0xf4, 0x02, 0x02,
  0x00, 0xff, 0x07, 0x00, 0x02, 0x08, 0xfe, 0x04, 0x08, 0xf5, 0x08, 0xfe,
  0xfc, 0x09, 0xfc, 0x04, 0xff, 0xf3, 0x03, 0x00, 0xf6, 0xff, 0xfc, 0xfb,
  0x07, 0xf8, 0xfb, 0x0c, 0x07, 0x08, 0x01, 0xf9, 0x02, 0xff, 0xf5, 0x07,
  0x0c, 0xfe, 0xf8, 0xfd, 0x04, 0x09, 0x00, 0x02, 0xfc, 0xfa, 0xf5, 0xf6,
  0xff, 0xff, 0xee, 0x05, 0x00, 0x12, 0x08, 0x02, 0xfd, 0xf1, 0xfe, 0x08,
  0x04, 0x00, 0xf9, 0x06, 0xf7, 0x0f, 0xfa, 0xfd, 0x07, 0x11, 0x00, 0x05,
  0xfa, 0x1b, 0x28, 0x07, 0x0a, 0x03, 0xf7, 0xe8, 0x04, 0x05, 0x0d, 0xe8,
  0x08, 0x0d, 0x01, 0x16, 0x1a, 0x1a, 0xfc, 0x08, 0xf9, 0x05, 0xe7, 0x04,
  0x14, 0xf0, 0xfe, 0x00, 0x15, 0x01, 0x00, 0x0b, 0xff, 0x4d, 0x0d, 0x0c,
  0xdd, 0x01, 0x02, 0xf7, 0xf9, 0xff, 0xf5, 0xf5, 0xd7, 0x04, 0x03, 0x0a,
  0x3f, 0x05, 0x14, 0x18, 0xf8, 0x0b, 0x0f, 0x0f, 0xea, 0xf7, 0x01, 0xfd,
  0xfc, 0xf9, 0x02, 0x02, 0xf8, 0x07, 0xfc, 0xfd, 0xfd, 0x02, 0xf7, 0xfa,
  0xff, 0x01, 0xf6, 0x00, 0x07, 0x02, 0xff, 0xfc, 0x02, 0x02, 0xf9, 0x06,
  0x09, 0x00, 0x04, 0xfc, 0xf7, 0x02, 0xfc, 0xfe, 0xf5, 0xff, 0xf1, 0xff,
  0xf3, 0xfa, 0xfc, 0xf8, 0xff, 0xfa, 0x0b, 0x0c, 0xee, 0x06, 0xff, 0x01,
  0x02, 0x0b, 0xf8, 0x06, 0x03, 0xff, 0x05, 0x02, 0xf6, 0xf6, 0xff, 0xfe,
  0xf9, 0xff, 0xfe, 0x02, 0xf3, 0x03, 0xf9, 0x05, 0x05, 0x02, 0xfd, 0x04,
  0x04, 0x08, 0xfc, 0xff, 0x05, 0xf8, 0x03, 0x04, 0x03, 0x04, 0x03, 0x01,
  0x09, 0xf2, 0x0a, 0x06, 0x05, 0x09, 0x00, 0xff, 0xf3, 0xff, 0x01, 0x06,
  0x06, 0x0f, 0xfe, 0xfb, 0x03, 0x02, 0x0d, 0x0b, 0x00, 0x09, 0x0b, 0xfa,
  0xf9, 0x03, 0x03, 0x06, 0xfb, 0xf6, 0xff, 0xf8, 0x05, 0xfd, 0x02, 0x07,
  0xff, 0xfd, 0xfc, 0xfb, 0x0b, 0x08, 0xff, 0x06, 0xfe, 0x0c, 0x00, 0x00,
  0xfb, 0x01, 0x00, 0x04, 0xfe, 0x00, 0xfb, 0xff, 0x00, 0xfa, 0xfc, 0x0a,
  0x09, 0x07, 0xfc, 0x02, 0x06, 0xfd, 0x00, 0xf8, 0xf7, 0x02, 0xff, 0xf6,
  0x0a, 0x05, 0xf7, 0xfa, 0x04, 0x0a, 0xfe, 0xfd, 0xfb, 0x06, 0xff, 0x07,
  0xf9, 0x01, 0x06, 0x01, 0xfb, 0xf7, 0x04, 0x06, 0xf3, 0xff, 0x05, 0x04,
  0x02, 0x01, 0x01, 0xf4, 0xfe, 0xf6, 0x0d, 0x01, 0xfd, 0x05, 0xf8, 0xfa,
  0xf6, 0x00, 0x03, 0x0c, 0x06, 0xfb, 0xf8, 0x10, 0x05, 0xfb, 0x02, 0xf8,
  0x02, 0x0a, 0x05, 0xfe, 0x00, 0xfb, 0xf7, 0x0a, 0xf8, 0x04, 0xfd, 0x01,
  0x08, 0x00, 0xfb, 0x04, 0x05, 0x06, 0x00, 0x0a, 0x05, 0xfc, 0x02, 0xef,
  0x05, 0x00, 0x00, 0x03, 0x03, 0xff, 0xfc, 0x09, 0xfe, 0x05, 0x03, 0xf9,
  0xf8, 0x06, 0xff, 0xff, 0x0a, 0x03, 0x05, 0x08, 0x01, 0xfa, 0xfd, 0x09,
  0x02, 0x02, 0x0f, 0xfa, 0x0b, 0x03, 0x0e, 0x02, 0xfc, 0x20, 0x2c, 0x02,
  0x0a, 0x0f, 0x00, 0xe3, 0xfc, 0x0c, 0xfb, 0xea, 0x05, 0x03, 0x02, 0x07,
  0x04, 0x0a, 0x03, 0x10, 0xfb, 0x11, 0xee, 0x0b, 0x0d, 0xff, 0xfc, 0x05,
  0x09, 0x0c, 0x03, 0x01, 0xf8, 0x41, 0x06, 0x06, 0xdf, 0x09, 0xfa, 0xf9,
  0xfd, 0xf6, 0xf5, 0x01, 0xd3, 0xfd, 0x0e, 0x01, 0x2a, 0x06, 0x0a, 0x0c,
  0x02, 0x04, 0x0a, 0x11, 0xf5, 0x02, 0x06, 0x03, 0x02, 0xff, 0xfd, 0xfe,
  0x04, 0xfd, 0x00, 0xff, 0xff, 0xfc, 0xfe, 0x02, 0x06, 0x03, 0x06, 0xfd,
  0xfd, 0xf8, 0x00, 0x01, 0x01, 0xfe, 0x00, 0x08, 0x03, 0x00, 0x00, 0x07,
  0x01, 0x05, 0xfd, 0xff, 0x03, 0xff, 0xfe, 0x04, 0x05, 0xf9, 0xf5, 0xfd,
  0x04, 0x01, 0x03, 0x00, 0xfa, 0xfe, 0x05, 0xff, 0xf9, 0x03, 0xfe, 0xfe,
  0xfd, 0xff, 0x07, 0x02, 0x08, 0x04, 0xfe, 0x01, 0x00, 0xff, 0x03, 0xff,
  0x03, 0x01, 0x01, 0x02, 0x04, 0x01, 0x02, 0xfe, 0x02, 0x00, 0xf9, 0x02,
  0xfb, 0xfd, 0x00, 0xff, 0xfc, 0xff, 0xfc, 0xfd, 0xfd, 0x03, 0xfd, 0x03,
  0xff, 0x09, 0x02, 0x03, 0x04, 0x02, 0xfb, 0xff, 0x0b, 0x01, 0x02, 0x01,
  0x04, 0x07, 0x0a, 0x04, 0x05, 0xff, 0x06, 0x06, 0xfd, 0x06, 0xfc, 0xff,
  0xfd, 0xfe, 0x01, 0x03, 0x02, 0xfd, 0x01, 0x01, 0xfb, 0x02, 0xff, 0x02,
  0x02, 0xfc, 0x01, 0xfc, 0xfe, 0x07, 0x03, 0x03, 0x01, 0x00, 0xf8, 0xfc,
  0xfb, 0xf8, 0x03, 0xff, 0x03, 0x00, 0xfd, 0xfe, 0xfd, 0x01, 0x06, 0x00,
  0xfb, 0xfc, 0x05, 0x01, 0xfb, 0x00, 0xf9, 0x03, 0xfe, 0xf8, 0x00, 0x04,
  0xf9, 0xfa, 0x00, 0x02, 0x02, 0xfd, 0x05, 0xfc, 0x02, 0x01, 0x07, 0x02,
  0x03, 0x06, 0x04, 0xfc, 0xff, 0x01, 0x04, 0x03, 0xff, 0xff, 0xfe, 0x04,
  0x02, 0x07, 0xff, 0xff, 0xf8, 0xfa, 0xfe, 0x02, 0xfe, 0xfc, 0x04, 0xf5,
  0x00, 0xfb, 0x00, 0x04, 0xf9, 0x06, 0x02, 0xfa, 0x01, 0xfe, 0x00, 0xff,
  0x08, 0x03, 0x04, 0xfe, 0x07, 0xfa, 0x04, 0xff, 0xfc, 0x03, 0x01, 0x00,
  0x06, 0xff, 0x06, 0xff, 0xff, 0xfd, 0x00, 0x08, 0x01, 0xfb, 0x02, 0xfd,
  0xfd, 0x02, 0x07, 0x05, 0x04, 0x02, 0x02, 0xfd, 0xfd, 0xfa, 0xfc, 0x00,
  0x00, 0x00, 0x01, 0xf8, 0xff, 0x05, 0x02, 0xfe, 0xf9, 0xfc, 0x00, 0xff,
  0xfc, 0x06, 0xf0, 0x07, 0xfc, 0x01, 0xfd, 0x00, 0xf8, 0x00, 0xf6, 0xfe,
  0x00, 0xed, 0x06, 0xff, 0x00, 0xfa, 0x03, 0x08, 0x01, 0xed, 0x02, 0x03,
  0x00, 0xf2, 0x09, 0x0d, 0x04, 0xf8, 0xfe, 0xfa, 0xf4, 0x07, 0xfb, 0xfd,
  0xfb, 0xf8, 0xf3, 0x03, 0x0d, 0x00, 0xff, 0xfd, 0x01, 0x00, 0x01, 0xfa,
  0x10, 0x08, 0xfb, 0xfd, 0x00, 0x0c, 0x02, 0x05, 0x01, 0xfc, 0xf8, 0x00,
  0x09, 0xfc, 0xfd, 0x08, 0xfe, 0x06, 0x00, 0xff, 0xfe, 0x02, 0xf8, 0x04,
  0x01, 0x02, 0x04, 0x08, 0xfe, 0xfd, 0xfd, 0xfc, 0x01, 0xff, 0x03, 0x00,
  0x00, 0x01, 0x05, 0xff, 0x00, 0xf7, 0xff, 0x01, 0xf0, 0x05, 0xff, 0xfe,
  0xfa, 0x02, 0xf5, 0xfe, 0x03, 0x00, 0xfc, 0x00, 0x05, 0xfb, 0xfd, 0x01,
  0xf8, 0x00, 0x08, 0xff, 0x00, 0x00, 0xfb, 0xf7, 0xfb, 0xf7, 0x00, 0xfe,
  0x05, 0x01, 0xfe, 0xf9, 0xff, 0x06, 0xf9, 0x05, 0xfe, 0x02, 0xfa, 0xfe,
  0x00, 0x03, 0x04, 0x00, 0xf9, 0x02, 0x01, 0xf6, 0xf7, 0xfc, 0xfc, 0xff,
  0xfb, 0xf8, 0x00, 0xf8, 0x03, 0xf7, 0x07, 0xfd, 0xfb, 0xf9, 0xfb, 0x05,
  0xff, 0xfe, 0x03, 0xf7, 0xf9, 0xfe, 0xfd, 0x08, 0xf9, 0xfa, 0xfc, 0x03,
  0xff, 0xfc, 0x00, 0xff, 0xfb, 0xfe, 0xfc, 0x01, 0x01, 0xff, 0x01, 0xfc,
  0xfe, 0xf8, 0xf8, 0x03, 0xff, 0xfd, 0x05, 0x05, 0xfe, 0xfc, 0xf8, 0x03,
  0x02, 0xfc, 0x09, 0xff, 0x01, 0xfa, 0x04, 0x08, 0x0b, 0xfc, 0xfd, 0x07,
  0x04, 0x01, 0xfb, 0x01, 0xfa, 0x02, 0x0b, 0x03, 0xf6, 0xfb, 0x01, 0x01,
  0x07, 0x01, 0x01, 0x02, 0xfd, 0xfc, 0x04, 0x08, 0x09, 0x02, 0xff, 0x05,
  0x04, 0xfd, 0x08, 0xff, 0x03, 0xfd, 0xfb, 0xfa, 0x05, 0x00, 0x03, 0xfb,
  0x03, 0x06, 0xff, 0xf6, 0x03, 0xfc, 0xff, 0xfa, 0x00, 0x00, 0x03, 0x02,
  0x02, 0x07, 0xfd, 0xfb, 0x01, 0xfb, 0x00, 0xf9, 0x05, 0xfb, 0x0a, 0xfa,
  0xff, 0x01, 0x04, 0xfd, 0x03, 0x04, 0x04, 0x01, 0x00, 0xfd, 0x06, 0x00,
  0xfc, 0x00, 0x06, 0xfb, 0xff, 0x01, 0xfe, 0x02, 0x04, 0x01, 0xff, 0x00,
  0x07, 0xfa, 0x06, 0x05, 0xfb, 0xff, 0xfb, 0xfe, 0x00, 0x04, 0x02, 0x0a,
  0x00, 0x05, 0x05, 0xf8, 0x04, 0xff, 0x04, 0xfe, 0xfe, 0xfe, 0x01, 0x08,
  0x07, 0xfe, 0x04, 0x00, 0xfb, 0xf8, 0x02, 0xfc, 0x08, 0xff, 0xef, 0x06,
  0x06, 0xfc, 0xff, 0xfe, 0xf7, 0x05, 0xfe, 0x0d, 0xfb, 0xeb, 0x07, 0x00,
  0xfa, 0x05, 0x05, 0x11, 0xfc, 0xef, 0xfd, 0x04, 0x03, 0xea, 0x0c, 0x09,
  0x01, 0xfc, 0xfb, 0x07, 0xeb, 0x0b, 0x00, 0x00, 0xfa, 0xf7, 0xf1, 0x00,
  0x02, 0x00, 0x03, 0xfe, 0x0b, 0xfe, 0x02, 0xfc, 0x08, 0x12, 0x00, 0x03,
  0xfb, 0x08, 0x02, 0x08, 0x08, 0xfb, 0xfc, 0xfd, 0xfe, 0x05, 0xfb, 0x0b,
  0x02, 0xfb, 0x05, 0xff, 0xfb, 0xfa, 0xfd, 0x03, 0xfb, 0x06, 0xff, 0xfe,
  0xff, 0x05, 0xf6, 0xfe, 0x01, 0x01, 0x04, 0xfc, 0x00, 0xfd, 0xfa, 0xfa,
  0x02, 0xfc, 0x02, 0xfc, 0x03, 0xfd, 0x05, 0x05, 0xff, 0x04, 0x05, 0xfd,
  0x01, 0x02, 0xff, 0xf8, 0xf8, 0xfe, 0xfa, 0xff, 0x07, 0x00, 0xff, 0x03,
  0x05, 0xf6, 0xfb, 0x02, 0xfd, 0x00, 0xfa, 0x00, 0x00, 0x01, 0x03, 0xfd,
  0xff, 0x04, 0xf9, 0x03, 0x04, 0xfe, 0xfe, 0xf8, 0xfb, 0xfc, 0xfd, 0x04,
  0x04, 0xfd, 0xfd, 0xf8, 0xfb, 0xfa, 0x03, 0x00, 0x02, 0xfb, 0x01, 0xff,
  0xfb, 0x00, 0x09, 0x04, 0xfe, 0xf9, 0xfe, 0x09, 0xf9, 0xfc, 0xfc, 0xff,
  0x01, 0x01, 0xf9, 0xfe, 0xfc, 0x04, 0xfe, 0xfe, 0x05, 0x00, 0xfd, 0xf9,
  0x08, 0x00, 0xfc, 0xfe, 0xfe, 0x08, 0x03, 0x08, 0xf5, 0x07, 0xf9, 0x08,
  0xfc, 0x04, 0x01, 0x02, 0x02, 0xfe, 0x08, 0x08, 0xfe, 0x00, 0xfc, 0x07,
  0xfd, 0xf8, 0x03, 0x03, 0xff, 0xfb, 0x08, 0x06, 0x05, 0x00, 0xf8, 0x04,
  0x0b, 0xfc, 0x07, 0x03, 0xfe, 0xf9, 0xf9, 0xfb, 0x07, 0x06, 0xff, 0x07,
  0xff, 0xfd, 0x03, 0xf9, 0xfd, 0xfe, 0xfd, 0x01, 0xff, 0xfd, 0xff, 0x04,
  0x02, 0x0a, 0xfe, 0xff, 0xfd, 0x03, 0x02, 0xfc, 0xfd, 0x03, 0xff, 0xf9,
  0x05, 0x06, 0x00, 0x06, 0x05, 0xf7, 0xfa, 0xfe, 0x00, 0xfe, 0xfe, 0x04,
  0x04, 0x01, 0xff, 0x09, 0x03, 0x01, 0x03, 0x01, 0x00, 0x05, 0xfe, 0x00,
  0xf8, 0x02, 0x09, 0x03, 0x04, 0xff, 0x04, 0x00, 0x01, 0xfe, 0x01, 0x09,
  0xff, 0x01, 0xff, 0x00, 0x09, 0x04, 0x01, 0xfd, 0xfe, 0xfd, 0xfa, 0x00,
  0x05, 0x05, 0x04, 0x01, 0x03, 0x03, 0xff, 0x04, 0x04, 0x00, 0xfa, 0x04,
  0x05, 0x06, 0x07, 0xf9, 0xff, 0x05, 0xff, 0x04, 0x03, 0x04, 0x06, 0x01,
  0x08, 0x01, 0xf6, 0x0a, 0x05, 0xfa, 0x0b, 0xf2, 0x02, 0x0c, 0x07, 0x00,
  0x07, 0x02, 0xfd, 0xe8, 0xf8, 0x0d, 0xfb, 0xeb, 0x07, 0xee, 0x01, 0xf5,
  0x06, 0x05, 0xfd, 0xfe, 0xf8, 0x07, 0xed, 0xfd, 0xf2, 0x03, 0xfd, 0x11,
  0x13, 0xfe, 0x04, 0xf8, 0x0b, 0x12, 0xfc, 0x00, 0xe2, 0xf9, 0x06, 0x02,
  0xfe, 0xf8, 0x01, 0x02, 0xe0, 0xf0, 0x03, 0x01, 0x14, 0xfd, 0xfc, 0xf9,
  0x00, 0xff, 0x08, 0x0a, 0xf1, 0x01, 0xff, 0x06, 0x01, 0x00, 0xff, 0x07,
  0x01, 0x03, 0xff, 0x00, 0xfa, 0x02, 0x07, 0x02, 0xff, 0x01, 0x04, 0xfc,
  0xfd, 0xfc, 0xfb, 0x04, 0x07, 0xf7, 0xfe, 0x00, 0x02, 0xfd, 0xfe, 0x05,
  0x05, 0x03, 0x03, 0xfc, 0x01, 0x02, 0x01, 0xff, 0x02, 0xfd, 0xfe, 0x08,
  0xf9, 0xfe, 0x04, 0x08, 0x00, 0x03, 0x04, 0x07, 0xf8, 0xff, 0x07, 0x00,
  0xfa, 0xfe, 0xfa, 0xfe, 0x01, 0x05, 0x02, 0x00, 0xfa, 0xfd, 0x06, 0xfe,
  0xfb, 0x03, 0x00, 0xfc, 0x01, 0xfb, 0x05, 0x03, 0x04, 0x03, 0xfd, 0x04,
  0xfb, 0xfa, 0xff, 0x03, 0x02, 0xfe, 0x02, 0x00, 0x01, 0x07, 0xfa, 0x03,
  0x00, 0x00, 0xff, 0x00, 0xfc, 0x02, 0x01, 0xfd, 0xfe, 0xff, 0xfb, 0x09,
  0xfe, 0xfb, 0xff, 0x09, 0x03, 0xfe, 0x00, 0xfd, 0x03, 0x01, 0xfc, 0xfe,
  0x02, 0xff, 0xf9, 0xfd, 0x01, 0x03, 0x01, 0x01, 0x02, 0xfa, 0x02, 0x03,
  0x04, 0x00, 0xfd, 0x09, 0x0a, 0xf7, 0xfc, 0xfb, 0xfe, 0xfe, 0xfd, 0xfd,
  0x02, 0xf8, 0xfe, 0x01, 0x03, 0x01, 0x02, 0x01, 0x00, 0x02, 0xff, 0xfe,
  0xfd, 0xfd, 0x06, 0x02, 0xfb, 0xfb, 0x04, 0xfb, 0xfb, 0x03, 0xf8, 0xfa,
  0x00, 0x00, 0x00, 0xfe, 0x02, 0x00, 0xff, 0xfe, 0x04, 0xfb, 0x03, 0xfe,
  0x06, 0x06, 0xfe, 0x00, 0x03, 0x08, 0x02, 0xfa, 0x02, 0x00, 0x04, 0xff,
  0xf6, 0x02, 0xfa, 0x04, 0x05, 0x0a, 0xff, 0xfb, 0xfc, 0x00, 0xff, 0xfa,
  0xfd, 0x00, 0x01, 0x01, 0xfd, 0x07, 0xff, 0x00, 0xfd, 0x05, 0x07, 0xfc,
  0xfd, 0x05, 0x01, 0xfe, 0xff, 0xfd, 0xfc, 0xfc, 0x04, 0xf9, 0xfe, 0xfb,
  0xfd, 0x01, 0xfd, 0x05, 0xfd, 0x05, 0xfd, 0x03, 0x00, 0xfe, 0xfc, 0xff,
  0xff, 0xff, 0x05, 0x01, 0xff, 0xfd, 0x03, 0xfe, 0xfe, 0x05, 0x05, 0x01,
  0xff, 0x03, 0xfc, 0x01, 0x03, 0xfb, 0xfd, 0x00, 0xfe, 0x04, 0xfd, 0x02,
  0xfb, 0x06, 0xf0, 0x04, 0x00, 0xfd, 0x06, 0x07, 0xf6, 0x00, 0xf8, 0xff,
  0xff, 0xee, 0x03, 0x03, 0xfc, 0x04, 0x04, 0x0e, 0xfa, 0xed, 0xfe, 0x05,
  0xfb, 0xe9, 0x08, 0x09, 0x07, 0x00, 0x03, 0x03, 0xef, 0x04, 0x02, 0x02,
  0xf8, 0xfb, 0xf6, 0x00, 0x07, 0xff, 0xf3, 0xfc, 0xff, 0xff, 0xfd, 0xf8,
  0x0c, 0x0d, 0x00, 0x02, 0xfa, 0x01, 0x00, 0x04, 0x04, 0xfd, 0xfa, 0xfc,
  0x01, 0xfd, 0xfe, 0x02, 0xfe, 0xfe, 0xfd, 0x01, 0x04, 0x05, 0x05, 0x01,
  0xff, 0xfe, 0x03, 0xfd, 0xff, 0x00, 0x02, 0xfb, 0x02, 0x05, 0xfd, 0x03,
  0x03, 0x04, 0x01, 0x06, 0x00, 0xfe, 0x04, 0x03, 0x01, 0xfa, 0x04, 0x02,
  0x07, 0x01, 0xfd, 0x04, 0x06, 0x05, 0xfe, 0x06, 0x00, 0x03, 0x03, 0x00,
  0x03, 0xfe, 0x01, 0xfc, 0x01, 0x01, 0x02, 0xfb, 0x03, 0x02, 0xfd, 0x00,
  0x00, 0x0b, 0x02, 0x02, 0xff, 0x03, 0x01, 0xfd, 0xff, 0x06, 0x00, 0x04,
  0xfa, 0x01, 0xfd, 0xfd, 0xff, 0xfd, 0xfd, 0x01, 0x02, 0xfd, 0x02, 0x01,
  0xff, 0xfe, 0x04, 0x02, 0x01, 0xfc, 0x02, 0xf9, 0x01, 0x01, 0xfe, 0xfe,
  0x02, 0xff, 0x03, 0xfa, 0x02, 0x00, 0x02, 0x04, 0x01, 0x03, 0x03, 0xfd,
  0xfa, 0x03, 0x01, 0x01, 0xfa, 0x05, 0xf9, 0xf9, 0xfd, 0xff, 0xfb, 0x00,
  0x00, 0x04, 0xff, 0x00, 0xfd, 0x02, 0xfc, 0x01, 0x02, 0x02, 0xfe, 0xfd,
  0x06, 0xf9, 0x02, 0xfc, 0x01, 0x00, 0x04, 0xfb, 0x04, 0x01, 0x03, 0x08,
  0x01, 0xfd, 0x06, 0x01, 0xfb, 0x01, 0xfe, 0xfa, 0x00, 0xfb, 0x02, 0x01,
  0xfc, 0xfc, 0x03, 0x01, 0x03, 0xfb, 0xfc, 0xfd, 0x00, 0x02, 0x00, 0x05,
  0x04, 0xfa, 0xfd, 0x04, 0x04, 0x05, 0xfe, 0x04, 0xfe, 0x04, 0x05, 0xfc,
  0x02, 0xfc, 0x00, 0xfb, 0x00, 0x03, 0xfb, 0xfe, 0x05, 0x02, 0x03, 0x03,
  0xfa, 0x06, 0xf9, 0x01, 0x01, 0x05, 0x07, 0xfb, 0xfb, 0xfe, 0xfc, 0x00,
  0xfd, 0x02, 0xfe, 0x03, 0xfa, 0xfd, 0xfe, 0x02, 0x05, 0x00, 0x02, 0x00,
  0xff, 0x04, 0xfa, 0xfe, 0x00, 0xfc, 0x03, 0xfc, 0xff, 0x06, 0xfb, 0xff,
  0x00, 0x00, 0x06, 0x04, 0x08, 0x02, 0x00, 0xfa, 0x02, 0x05, 0xff, 0xff,
  0xfe, 0xfd, 0xfc, 0x01, 0x04, 0x01, 0x02, 0xfc, 0x02, 0x00, 0xfc, 0x00,
  0x02, 0x03, 0xff, 0x07, 0x05, 0x00, 0xfd, 0xff, 0xfd, 0x05, 0xeb, 0x0b,
  0x06, 0x05, 0xfc, 0x00, 0xf4, 0x05, 0xfc, 0x02, 0x02, 0xf1, 0x03, 0xfb,
  0xf9, 0x09, 0x03, 0x0f, 0xff, 0xe3, 0xfb, 0x04, 0xfe, 0xe3, 0xff, 0x0d,
  0x05, 0x01, 0x05, 0xfb, 0xf6, 0x08, 0x00, 0x01, 0x02, 0xfd, 0xf9, 0xff,
  0x06, 0xfc, 0xfb, 0xfd, 0x01, 0xfa, 0x02, 0xf3, 0x03, 0x0a, 0x01, 0xfe,
  0x04, 0x09, 0x00, 0x0c, 0xfe, 0xfb, 0xfe, 0xfa, 0x03, 0xfa, 0x00, 0x03,
  0xf6, 0xfe, 0xf8, 0x03, 0xfe, 0xfe, 0x04, 0x00, 0xfb, 0x09, 0xfe, 0x00,
  0x03, 0xfc, 0xff, 0x02, 0x02, 0xfb, 0x00, 0xfd, 0x02, 0x00, 0xfa, 0xfe,
  0x04, 0x05, 0xfe, 0x05, 0xfb, 0xff, 0x02, 0x01, 0xfc, 0x02, 0xf5, 0x08,
  0x03, 0x01, 0xfa, 0xfa, 0x03, 0x02, 0xfc, 0xfc, 0x08, 0xfc, 0x05, 0xf6,
  0x03, 0x04, 0x04, 0x01, 0x06, 0x0a, 0x02, 0xfc, 0x05, 0xff, 0x02, 0xfc,
  0xfc, 0x07, 0x00, 0xf6, 0x01, 0xfe, 0x01, 0x04, 0x03, 0x06, 0xfa, 0x09,
  0xfa, 0x04, 0x07, 0x02, 0x06, 0x07, 0xfe, 0x01, 0x02, 0x05, 0xf8, 0x00,
  0x03, 0x00, 0x00, 0xfb, 0x01, 0x05, 0x00, 0x03, 0x00, 0x00, 0x06, 0x04,
  0x03, 0xfb, 0x03, 0x02, 0x06, 0xfb, 0xff, 0xfd, 0x05, 0x08, 0x03, 0x05,
  0x06, 0xfa, 0x09, 0x00, 0xfa, 0x06, 0x06, 0x06, 0x01, 0x00, 0x04, 0xfe,
  0x07, 0x03, 0x05, 0xff, 0xf8, 0xf8, 0xfd, 0x05, 0x05, 0x06, 0x02, 0x01,
  0xfa, 0xf9, 0x00, 0x03, 0xfe, 0x05, 0x06, 0xfb, 0x02, 0xfa, 0xff, 0xf8,
  0x01, 0xff, 0xf7, 0x00, 0xfc, 0x07, 0x03, 0xff, 0xfb, 0x05, 0x09, 0xfc,
  0xf9, 0x00, 0x00, 0xfe, 0xfa, 0xfc, 0x01, 0xfe, 0x0b, 0x07, 0xfe, 0xf4,
  0xfd, 0x06, 0x03, 0xfd, 0x00, 0x00, 0x02, 0x00, 0x01, 0x07, 0xfa, 0x03,
  0x09, 0xfd, 0xfd, 0x03, 0x04, 0xfb, 0x04, 0x07, 0x00, 0x08, 0xfa, 0x06,
  0x04, 0x00, 0xff, 0xfd, 0xf9, 0xfc, 0x01, 0x09, 0x04, 0xfc, 0xfe, 0x03,
  0x04, 0xf8, 0x08, 0x01, 0x04, 0xf9, 0xf3, 0xf7, 0x02, 0x0a, 0xfd, 0xf8,
  0xfe, 0x09, 0xfe, 0x00, 0x09, 0x04, 0x01, 0x0b, 0xfb, 0xf6, 0x07, 0xfd,
  0x00, 0x01, 0x03, 0x01, 0x03, 0x0c, 0x00, 0x00, 0x0a, 0xfd, 0xff, 0xfe,
  0x03, 0xfc, 0x07, 0xfd, 0x04, 0x06, 0x02, 0xf9, 0xfe, 0x04, 0xfc, 0xfd,
  0x09, 0x02, 0xfd, 0x01, 0x0b, 0xfb, 0x19, 0xf6, 0xfe, 0xfc, 0xff, 0xfc,
  0x0c, 0xf5, 0x0d, 0xf9, 0xff, 0x0c, 0xfe, 0xef, 0xfc, 0xf4, 0x03, 0xec,
  0xf1, 0x1a, 0x06, 0xea, 0x05, 0x1b, 0x02, 0xf0, 0xec, 0x15, 0x04, 0x13,
  0x14, 0xf5, 0x04, 0xfc, 0x12, 0xf8, 0x03, 0x07, 0xef, 0xfb, 0xff, 0x04,
  0x04, 0xfa, 0x01, 0x11, 0xec, 0xfd, 0x07, 0x04, 0xfd, 0xe9, 0x05, 0xf5,
  0x0c, 0x08, 0x04, 0x02, 0x00, 0x0b, 0x04, 0x08, 0xfd, 0x02, 0xfd, 0xfd,
  0x04, 0xff, 0x02, 0xfe, 0xf8, 0xfb, 0xfc, 0xff, 0x02, 0x00, 0x01, 0x02,
  0xfa, 0x03, 0x04, 0xfe, 0xfa, 0xfd, 0x02, 0x06, 0x06, 0x01, 0xfa, 0xfc,
  0x08, 0xf8, 0x04, 0xfe, 0xfe, 0x01, 0x00, 0xfc, 0x00, 0x02, 0xfd, 0xfc,
  0x01, 0x01, 0xfc, 0x06, 0x03, 0xff, 0x05, 0xf9, 0xfb, 0xf7, 0xfe, 0xfc,
  0x01, 0x02, 0x03, 0xff, 0x05, 0xfc, 0x03, 0xf9, 0x04, 0x03, 0xf9, 0x08,
  0x00, 0xfb, 0x04, 0x00, 0xfc, 0x00, 0x00, 0x06, 0xfd, 0x04, 0x00, 0x00,
  0x06, 0x00, 0xfc, 0x00, 0xff, 0x01, 0x05, 0x04, 0xfe, 0x00, 0x06, 0x03,
  0x08, 0x01, 0xfb, 0x02, 0x03, 0xfd, 0x06, 0xfd, 0xff, 0x04, 0xfe, 0xfc,
  0x00, 0x0a, 0xfd, 0xff, 0x01, 0xfb, 0x03, 0xfc, 0x08, 0x01, 0xf8, 0x02,
  0xfa, 0x05, 0x08, 0x01, 0xfd, 0x00, 0xfb, 0x04, 0xfe, 0x04, 0x04, 0x04,
  0xf6, 0x04, 0x00, 0x01, 0xf9, 0xfe, 0x05, 0x04, 0xfb, 0x00, 0x02, 0x02,
  0xfd, 0x02, 0x03, 0x0b, 0x00, 0xfa, 0x07, 0x04, 0x01, 0x04, 0xfe, 0xf4,
  0x00, 0xfb, 0xf7, 0xf4, 0x05, 0xff, 0xf8, 0x01, 0xfc, 0xff, 0xfe, 0xf6,
  0x06, 0x01, 0xfd, 0xfe, 0xfe, 0xfd, 0x01, 0xfc, 0xfb, 0xfe, 0xfc, 0xf5,
  0xf7, 0xff, 0x00, 0x05, 0x00, 0xfd, 0x03, 0x02, 0xfc, 0x04, 0x01, 0xf6,
  0xff, 0xfb, 0x06, 0xfe, 0xfe, 0x06, 0xfc, 0x05, 0x06, 0x05, 0x06, 0xfd,
  0xfc, 0x03, 0x03, 0x02, 0x02, 0x03, 0xff, 0x03, 0x00, 0xfc, 0xfc, 0x00,
  0x04, 0x0a, 0xfc, 0xfe, 0x06, 0x00, 0x02, 0xff, 0x05, 0xfb, 0xfe, 0x03,
  0x02, 0x01, 0x06, 0x03, 0x00, 0xff, 0x03, 0x02, 0x00, 0xfe, 0x01, 0xfd,
  0xff, 0xfb, 0x03, 0xfd, 0x02, 0x0b, 0xfc, 0x00, 0xfc, 0x05, 0x00, 0x02,
  0x04, 0xff, 0xfc, 0xff, 0x04, 0xfd, 0x02, 0x09, 0xfe, 0xfb, 0x08, 0x0a,
  0x06, 0x01, 0x0c, 0xf5, 0x02, 0x17, 0x0c, 0x04, 0x0a, 0x0a, 0x07, 0xf5,
  0xfa, 0x07, 0xf9, 0xf6, 0x08, 0xfc, 0x02, 0xfd, 0xff, 0x0e, 0xfe, 0xfe,
  0xfa, 0x05, 0xe8, 0x06, 0xfe, 0x04, 0x01, 0x14, 0x14, 0xfa, 0x05, 0x07,
  0x05, 0x19, 0x0c, 0xfa, 0xe2, 0xfe, 0x09, 0x01, 0xfc, 0x03, 0xff, 0x09,
  0xe1, 0xff, 0x04, 0x08, 0x0b, 0x04, 0x04, 0x04, 0xff, 0x07, 0x06, 0x0b,
  0xf2, 0xfd, 0x0d, 0x09, 0x01, 0xfd, 0xfc, 0xfe, 0x01, 0xf9, 0x01, 0x01,
  0xf8, 0x02, 0xfe, 0xff, 0x07, 0x04, 0x03, 0x00, 0xfa, 0x09, 0x00, 0xfe,
  0xff, 0x02, 0x04, 0x02, 0xff, 0xfc, 0xfd, 0x01, 0x08, 0x00, 0x07, 0x08,
  0x01, 0xff, 0xfd, 0x02, 0x02, 0x02, 0x03, 0x06, 0x01, 0xfe, 0xfe, 0x06,
  0xfd, 0x04, 0x0c, 0xfb, 0xfc, 0x03, 0xfb, 0x00, 0x01, 0x05, 0x04, 0x05,
  0x03, 0x09, 0xfc, 0x04, 0x01, 0xfb, 0x00, 0xfc, 0x02, 0x02, 0x02, 0xfe,
  0x03, 0x03, 0x03, 0x00, 0x04, 0xff, 0x03, 0x04, 0x03, 0x05, 0x05, 0x04,
  0x03, 0xf5, 0x01, 0xff, 0x02, 0x03, 0x04, 0xff, 0x04, 0x00, 0x04, 0xfa,
  0x02, 0x09, 0xfb, 0x05, 0xff, 0x00, 0x05, 0xfe, 0xff, 0x03, 0xfe, 0x03,
  0x02, 0xfd, 0x01, 0x00, 0xfb, 0x01, 0x03, 0x05, 0xfb, 0xfe, 0x03, 0xfd,
  0x00, 0x04, 0x01, 0x05, 0xfd, 0x03, 0x01, 0x03, 0xfe, 0xfe, 0x04, 0xff,
  0x08, 0xfe, 0xfe, 0x03, 0x06, 0x01, 0x03, 0xfc, 0xfe, 0x02, 0x02, 0xfe,
  0xfd, 0x00, 0xfe, 0xff, 0x01, 0x03, 0x08, 0x02, 0xfc, 0xfd, 0x04, 0x01,
  0x01, 0xfa, 0x05, 0xff, 0xfe, 0xf9, 0xff, 0x04, 0x02, 0x01, 0x06, 0x00,
  0xfc, 0xfc, 0x04, 0x03, 0x02, 0x00, 0xfc, 0x00, 0xff, 0x04, 0xff, 0xfe,
  0x06, 0x04, 0x06, 0x01, 0x03, 0x06, 0xfb, 0x05, 0xfc, 0x01, 0x01, 0x04,
  0xff, 0xfe, 0xfc, 0xfe, 0xff, 0xfb, 0x06, 0xf8, 0x00, 0x01, 0x02, 0x05,
  0xff, 0xff, 0x06, 0x07, 0xff, 0x02, 0x04, 0x03, 0x07, 0x04, 0x01, 0xf8,
  0x08, 0x03, 0x01, 0xfe, 0x02, 0x02, 0xfe, 0x01, 0xf8, 0x06, 0x03, 0x00,
  0x03, 0xfc, 0x00, 0x04, 0x05, 0x00, 0x04, 0xfb, 0x07, 0x04, 0x03, 0x02,
  0x01, 0xfd, 0x08, 0x01, 0x03, 0xfa, 0xfc, 0xfa, 0x06, 0x02, 0x02, 0xff,
  0xfe, 0x04, 0xff, 0x00, 0x02, 0x02, 0x04, 0x03, 0xf9, 0x07, 0xe7, 0x10,
  0xfd, 0x07, 0x05, 0x01, 0xf6, 0x02, 0xf2, 0xff, 0x03, 0x02, 0x09, 0x05,
  0xf8, 0xff, 0x01, 0x0a, 0x03, 0xf1, 0x03, 0x0e, 0x00, 0xea, 0xff, 0x11,
  0x04, 0xf8, 0x00, 0xfa, 0xfc, 0x08, 0xfe, 0xfd, 0xfe, 0x02, 0xf5, 0x05,
  0x07, 0x04, 0xf5, 0xfd, 0xfe, 0xfa, 0x01, 0xef, 0xfe, 0x07, 0xfe, 0x02,
  0x02, 0x06, 0x03, 0x0f, 0xff, 0x01, 0xfe, 0xff, 0x01, 0xfa, 0xff, 0x05,
  0xff, 0xfb, 0xff, 0xfe, 0x02, 0xfe, 0x03, 0xfc, 0x05, 0xfd, 0x01, 0xfc,
  0x02, 0x05, 0x06, 0x00, 0x02, 0x00, 0xff, 0xfc, 0x05, 0x02, 0xfe, 0xfe,
  0x00, 0x05, 0xfc, 0x01, 0xfd, 0x06, 0xfe, 0xfd, 0x07, 0x02, 0xf8, 0xfe,
  0xfd, 0xfe, 0x01, 0x05, 0xfa, 0x00, 0xfd, 0xfe, 0x01, 0xff, 0x00, 0x00,
  0xfb, 0xfe, 0x00, 0xfb, 0x02, 0xfd, 0x01, 0xf9, 0x09, 0x00, 0xfc, 0x05,
  0xfb, 0x05, 0x05, 0xfe, 0x05, 0x06, 0xfd, 0x00, 0xff, 0xff, 0xfb, 0x04,
  0xfd, 0x02, 0xfd, 0xff, 0x05, 0xfc, 0xff, 0xfe, 0xff, 0x03, 0x04, 0xfc,
  0x05, 0xff, 0xfc, 0xfd, 0x02, 0xfe, 0x05, 0x02, 0x02, 0xfb, 0x04, 0xfc,
  0x02, 0x05, 0xfe, 0x02, 0xfe, 0x03, 0xfa, 0xfe, 0xfd, 0x03, 0x03, 0xf8,
  0x02, 0xfd, 0xfd, 0xfc, 0x00, 0x01, 0x06, 0xfa, 0xf7, 0x05, 0x05, 0x04,
  0xff, 0xfe, 0x03, 0xfe, 0xff, 0x01, 0x01, 0x06, 0xfd, 0x04, 0xfc, 0xfe,
  0x04, 0x01, 0x02, 0xfd, 0x05, 0xfd, 0x01, 0xfc, 0x04, 0x00, 0x01, 0x00,
  0xfe, 0xfe, 0x02, 0xfb, 0xfe, 0x01, 0x07, 0x01, 0x00, 0x01, 0x00, 0x00,
  0x03, 0xff, 0xfb, 0x02, 0xfd, 0xfe, 0xfe, 0xfc, 0xfe, 0x02, 0xff, 0x00,
  0x02, 0xff, 0xfc, 0x02, 0x04, 0x02, 0xfd, 0x04, 0x04, 0x03, 0x02, 0xf9,
  0x00, 0xfe, 0xff, 0x03, 0x04, 0x00, 0x01, 0xff, 0x02, 0x05, 0x01, 0x03,
  0xff, 0xfe, 0xfc, 0xfd, 0xfe, 0xfa, 0xfe, 0x07, 0xff, 0x04, 0xfb, 0x01,
  0x01, 0x03, 0x01, 0x04, 0xfb, 0xff, 0xfe, 0xf9, 0x04, 0xfe, 0x01, 0xfa,
  0xfd, 0x03, 0xfe, 0x01, 0xf9, 0xff, 0x04, 0x01, 0xfc, 0x01, 0xfc, 0xff,
  0x03, 0x04, 0xfd, 0xfd, 0x00, 0x00, 0x03, 0x00, 0xfa, 0xff, 0xfd, 0xfe,
  0xfd, 0xfe, 0xfa, 0x00, 0x00, 0xfd, 0x05, 0x00, 0xfe, 0xf9, 0x00, 0x02,
  0xfa, 0x01, 0x04, 0xf9, 0xfc, 0x07, 0xea, 0x0f, 0x02, 0xfe, 0x04, 0x01,
  0xf5, 0x09, 0xf8, 0x03, 0x05, 0xf0, 0x09, 0xff, 0x01, 0x03, 0x00, 0x05,
  0x01, 0xec, 0xfe, 0x0b, 0xfa, 0xf0, 0x0e, 0x04, 0x06, 0xfe, 0xfa, 0x00,
  0xf0, 0x00, 0x02, 0xfe, 0x01, 0xf9, 0xf5, 0x04, 0x07, 0x02, 0xfd, 0x05,
  0x00, 0x00, 0x01, 0xf5, 0x0b, 0x08, 0x01, 0xfa, 0x01, 0x0b, 0xfe, 0x05,
  0x04, 0x00, 0x02, 0xfe, 0x05, 0xfc, 0x00, 0x01, 0x00, 0x01, 0xff, 0x00,
  0x03, 0x04, 0xfe, 0xff, 0x02, 0xfe, 0x07, 0x01, 0xfe, 0xfe, 0xfe, 0xfa,
  0x02, 0x01, 0x03, 0x02, 0x03, 0xfd, 0xfe, 0xfc, 0x03, 0x00, 0xfe, 0x04,
  0xfd, 0x09, 0x05, 0x01, 0x02, 0x00, 0xfc, 0x02, 0x05, 0x00, 0xfe, 0x06,
  0xfd, 0x04, 0xff, 0xfe, 0x00, 0x00, 0x04, 0x02, 0xfa, 0x00, 0xfd, 0xff,
  0x05, 0xfb, 0xfc, 0x00, 0xfb, 0x04, 0x01, 0x01, 0x02, 0xff, 0xff, 0xfe,
  0x05, 0xfe, 0xfc, 0xff, 0xff, 0x03, 0x02, 0x02, 0xff, 0xfd, 0x02, 0xfe,
  0xfd, 0xfd, 0x01, 0x00, 0xfd, 0xfc, 0x05, 0x03, 0x01, 0x01, 0xfd, 0x01,
  0xff, 0x01, 0x00, 0x02, 0x03, 0x02, 0xfa, 0xff, 0x04, 0x02, 0x02, 0x06,
  0xfc, 0x02, 0xff, 0x06, 0x01, 0x05, 0x01, 0x01, 0xff, 0x00, 0x01, 0x01,
  0x03, 0xfc, 0xff, 0x05, 0xfc, 0x00, 0xf8, 0x00, 0x01, 0x02, 0x01, 0x03,
  0xff, 0x04, 0x03, 0xfa, 0x03, 0xff, 0xff, 0x00, 0x02, 0x03, 0x02, 0xfe,
  0x02, 0x00, 0x02, 0x03, 0x02, 0xfd, 0xff, 0x01, 0x01, 0x05, 0x03, 0xf9,
  0xff, 0xfe, 0x03, 0xf9, 0x09, 0xff, 0x02, 0xfe, 0xfc, 0xfc, 0x01, 0x01,
  0x05, 0x07, 0x04, 0x02, 0x03, 0x02, 0x03, 0x03, 0xfe, 0x00, 0x01, 0xfa,
  0x00, 0xff, 0xfc, 0x05, 0xfe, 0xfe, 0x04, 0x02, 0x02, 0x02, 0xfd, 0xfb,
  0x01, 0xfc, 0xfa, 0x04, 0xfc, 0x01, 0xfe, 0x00, 0xff, 0xfc, 0xfe, 0x05,
  0xfd, 0xff, 0x00, 0x03, 0xff, 0x02, 0x00, 0xfc, 0x02, 0x04, 0x02, 0xfd,
  0xfd, 0xfd, 0xfe, 0x03, 0xfd, 0xfb, 0x06, 0x01, 0x03, 0x00, 0x02, 0xff,
  0xfc, 0x00, 0x01, 0x02, 0xfc, 0xfe, 0xfd, 0xfb, 0xfd, 0x01, 0xff, 0x01,
  0x02, 0xfe, 0x00, 0x05, 0xfe, 0xff, 0x05, 0x03, 0x02, 0xf9, 0x03, 0xfa,
  0xfc, 0xfe, 0xf9, 0x02, 0xff, 0xfb, 0x05, 0xfc, 0x04, 0x02, 0xfd, 0xfd,
  0x00, 0x03, 0xea, 0x06, 0x02, 0x02, 0xfd, 0xfc, 0xf1, 0x03, 0xf5, 0x00,
  0x03, 0xf9, 0x01, 0x03, 0xfe, 0x01, 0xfd, 0x0a, 0xfc, 0xef, 0x02, 0x0a,
  0xfa, 0xf1, 0x06, 0x06, 0x02, 0xfa, 0xfd, 0xfe, 0xf1, 0x05, 0x02, 0xfa,
  0xfa, 0xfd, 0xf6, 0x02, 0x0c, 0x06, 0xfc, 0x02, 0x02, 0x04, 0xfc, 0xfb,
  0x0b, 0x0b, 0x00, 0x00, 0x02, 0x02, 0x01, 0x0a, 0xfd, 0x02, 0x04, 0xff,
  0x08, 0xf9, 0x03, 0x02, 0x04, 0x00, 0x08, 0xfd, 0xfb, 0x00, 0x08, 0xfe,
  0xfc, 0x06, 0xfe, 0x06, 0x02, 0x07, 0x06, 0xfc, 0xfc, 0x01, 0x00, 0xfc,
  0x00, 0x06, 0xfd, 0x02, 0x07, 0x05, 0xfe, 0x08, 0x03, 0x08, 0x08, 0xfb,
  0x0b, 0x00, 0xfe, 0x05, 0x07, 0x03, 0x05, 0x03, 0xfd, 0x00, 0x08, 0xf9,
  0xfc, 0x00, 0xfb, 0x02, 0xfb, 0xfa, 0x01, 0x06, 0x04, 0x01, 0x00, 0xfc,
  0xff, 0x08, 0xfe, 0x09, 0xfd, 0x01, 0x07, 0xfa, 0x01, 0x05, 0xfe, 0xff,
  0xff, 0xf9, 0x00, 0x00, 0x09, 0xff, 0xfe, 0xfb, 0x00, 0x03, 0x04, 0xfc,
  0x04, 0xfd, 0x02, 0x03, 0x01, 0x06, 0xfe, 0xfc, 0x03, 0x01, 0xfc, 0xf9,
  0x04, 0x05, 0x01, 0x00, 0xfb, 0xf9, 0xfa, 0x05, 0xfd, 0xf9, 0x00, 0x07,
  0xfb, 0x02, 0x01, 0xfd, 0x04, 0x07, 0xff, 0x01, 0x04, 0x04, 0xfc, 0x03,
  0x01, 0xfd, 0x04, 0x05, 0xfd, 0x04, 0x06, 0xfb, 0xfc, 0x06, 0xff, 0xff,
  0x00, 0x01, 0xf9, 0xfb, 0x01, 0xf8, 0x08, 0xfe, 0x04, 0xfd, 0xfd, 0x04,
  0x00, 0x01, 0x02, 0x04, 0x02, 0x00, 0x0a, 0x05, 0xfe, 0x00, 0x01, 0x01,
  0xfd, 0xff, 0x06, 0x03, 0x03, 0xfd, 0x00, 0x04, 0x00, 0x01, 0x01, 0xfe,
  0x03, 0xfc, 0xfc, 0xfa, 0x00, 0x03, 0xf8, 0x04, 0x04, 0xfd, 0x02, 0x08,
  0x00, 0xff, 0xfd, 0xfe, 0xfd, 0x06, 0x01, 0xf9, 0x05, 0x00, 0x00, 0xff,
  0x01, 0x07, 0xfa, 0x00, 0xfe, 0x02, 0x01, 0xfb, 0xfc, 0xfc, 0xfa, 0x08,
  0xfd, 0x03, 0xf6, 0xfe, 0xff, 0x0a, 0x02, 0xf8, 0xf9, 0x08, 0x03, 0xfd,
  0x06, 0xfc, 0x01, 0xf8, 0xfe, 0xfe, 0x02, 0xff, 0xfa, 0xfe, 0x03, 0xfe,
  0xf5, 0xfb, 0x00, 0xfd, 0x03, 0x01, 0xfc, 0xf8, 0xfc, 0xff, 0x06, 0x01,
  0xfd, 0x02, 0xff, 0x04, 0xf8, 0x00, 0x02, 0x03, 0xfb, 0xfc, 0x00, 0x01,
  0xfd, 0x06, 0x08, 0x06, 0xfd, 0x04, 0x09, 0xfe, 0x06, 0x08, 0xf1, 0x0e,
  0x03, 0x01, 0x06, 0xfa, 0xf1, 0x08, 0xf5, 0x06, 0x03, 0xee, 0x00, 0x08,
  0xfa, 0xf8, 0xff, 0x06, 0x00, 0xf1, 0xfa, 0xfe, 0x00, 0xf5, 0x0d, 0x08,
  0xfe, 0xfb, 0xfc, 0x06, 0xf7, 0x03, 0xf3, 0xf7, 0xfa, 0xfa, 0xf4, 0xfe,
  0x0d, 0xf9, 0xfc, 0x00, 0x09, 0x03, 0x03, 0xf5, 0x0f, 0x10, 0xfc, 0xff,
  0x01, 0x00, 0x02, 0x04, 0xfd, 0xfe, 0xf6, 0xfb, 0x0a, 0x04, 0x03, 0x0d,
  0x02, 0xff, 0xff, 0x02, 0x02, 0xf7, 0x00, 0x02, 0xfc, 0xfb, 0x01, 0xfd,
  0x01, 0x03, 0x00, 0xfc, 0x03, 0x00, 0x01, 0xfd, 0xfc, 0xfd, 0x02, 0x07,
  0x06, 0x02, 0x00, 0x06, 0x02, 0x00, 0xfc, 0x02, 0xfe, 0x06, 0x00, 0x01,
  0x02, 0xfd, 0xf7, 0xfe, 0x02, 0x01, 0x04, 0xfb, 0x02, 0xf9, 0xfe, 0x01,
  0xfe, 0x05, 0x03, 0xfe, 0xfd, 0xff, 0xfc, 0xfb, 0x02, 0x00, 0x01, 0xfb,
  0x01, 0x04, 0x05, 0x05, 0xfe, 0x00, 0x04, 0x00, 0xfb, 0xfc, 0x03, 0x02,
  0xfd, 0x03, 0x00, 0xff, 0x02, 0x04, 0x01, 0x00, 0xfd, 0xfe, 0xfc, 0xfc,
  0xff, 0x00, 0xfb, 0xff, 0x02, 0xfe, 0x03, 0xfe, 0xfe, 0x05, 0xf8, 0x06,
  0xf9, 0xf8, 0x00, 0xfd, 0xff, 0x00, 0x02, 0x00, 0xfa, 0xfd, 0x07, 0x06,
  0xfb, 0x09, 0xfc, 0x02, 0x00, 0x06, 0xfc, 0x00, 0xfe, 0x04, 0xfd, 0xfb,
  0x02, 0x01, 0x01, 0xfc, 0x03, 0x00, 0x02, 0xff, 0x07, 0xfe, 0x01, 0xff,
  0x06, 0x00, 0x01, 0x03, 0x04, 0xff, 0x01, 0x04, 0x02, 0x00, 0x01, 0xfd,
  0x02, 0xfd, 0x00, 0xf8, 0xfe, 0x00, 0x05, 0xfe, 0x03, 0x06, 0x02, 0x02,
  0x00, 0x01, 0x06, 0x00, 0x01, 0x03, 0x01, 0x00, 0x01, 0xfe, 0xfe, 0x03,
  0x00, 0x04, 0x02, 0xfe, 0x02, 0x07, 0x03, 0x00, 0x01, 0x02, 0xfe, 0x04,
  0x01, 0x00, 0x04, 0xfe, 0xfe, 0xff, 0xfe, 0xfd, 0xff, 0x00, 0xfe, 0xfb,
  0xfe, 0xfd, 0x00, 0xfd, 0x04, 0x02, 0x02, 0x03, 0x00, 0x07, 0xfe, 0xff,
  0xfe, 0x04, 0xfd, 0xfe, 0x01, 0xf9, 0x00, 0x05, 0xfd, 0x02, 0x00, 0xfa,
  0x00, 0xfe, 0xfe, 0x02, 0x03, 0xfd, 0x01, 0xff, 0xfa, 0x01, 0x05, 0x01,
  0x02, 0x02, 0xfe, 0x01, 0xfc, 0x03, 0x02, 0x05, 0x03, 0x04, 0x01, 0xfb,
  0x06, 0xfe, 0xfe, 0x01, 0xfa, 0x05, 0x02, 0xfd, 0x03, 0x05, 0xfd, 0x01,
  0x06, 0xfe, 0x00, 0xfe, 0x02, 0x0c, 0xe4, 0x0b, 0xfe, 0x02, 0x05, 0x01,
  0xf7, 0xff, 0xf4, 0x02, 0x06, 0xf4, 0x05, 0xfd, 0xf7, 0xfe, 0x03, 0x10,
  0xfa, 0xe8, 0x02, 0x01, 0xfe, 0xf0, 0x04, 0x08, 0xfe, 0xfc, 0xfd, 0xfd,
  0xf3, 0x02, 0xfa, 0xff, 0xfc, 0xfa, 0xf9, 0xfc, 0x0a, 0x05, 0xf4, 0x02,
  0x01, 0x02, 0xf8, 0xf1, 0x09, 0x09, 0xf7, 0x04, 0x06, 0x07, 0x05, 0x0a,
  0x01, 0x03, 0x00, 0x00, 0x05, 0xf9, 0x03, 0x01, 0xf8, 0xfb, 0xfd, 0x09,
  0xfb, 0xfa, 0xfb, 0xf6, 0xfc, 0x04, 0x00, 0x06, 0xfe, 0x06, 0xfd, 0x03,
  0xf9, 0xfb, 0x00, 0xfa, 0x03, 0x03, 0x02, 0xfd, 0x07, 0x03, 0x02, 0x00,
  0xfa, 0x00, 0xfa, 0x03, 0x03, 0x02, 0x02, 0x05, 0xfe, 0x02, 0xfa, 0xff,
  0x05, 0xfd, 0xf6, 0xfc, 0x06, 0x03, 0xf9, 0xfa, 0x02, 0x02, 0x00, 0x02,
  0x07, 0xfe, 0x04, 0xfa, 0x01, 0xfb, 0x02, 0x02, 0xfb, 0x01, 0xf7, 0x07,
  0x0e, 0x00, 0xff, 0xfe, 0x04, 0x02, 0x08, 0x06, 0x01, 0x08, 0x05, 0x05,
  0x04, 0x07, 0x03, 0xfe, 0xff, 0x01, 0xfd, 0x05, 0x02, 0x05, 0x00, 0xfe,
  0x04, 0xfe, 0xf9, 0xfb, 0x02, 0x01, 0x01, 0x04, 0x03, 0x03, 0x08, 0xfe,
  0xf8, 0xf8, 0x02, 0xfa, 0x01, 0x08, 0x04, 0xff, 0xf8, 0x01, 0x06, 0xfc,
  0x05, 0xf9, 0xfe, 0xf8, 0xf6, 0x08, 0xfd, 0x06, 0x03, 0x00, 0xfd, 0xfa,
  0x01, 0xff, 0x0a, 0xfa, 0x08, 0xf9, 0xf8, 0xf5, 0x00, 0xfb, 0x04, 0x02,
  0x01, 0x02, 0xfa, 0xf9, 0x0a, 0x03, 0xfa, 0xfb, 0xf9, 0xf7, 0x05, 0xfb,
  0x08, 0xf9, 0x07, 0x07, 0xfd, 0xfe, 0x03, 0x00, 0x01, 0x01, 0x00, 0x06,
  0x03, 0x07, 0x0a, 0xff, 0xfa, 0x00, 0x06, 0xff, 0xf8, 0x0d, 0x02, 0xff,
  0xfe, 0x03, 0x07, 0x01, 0xf9, 0x02, 0xfa, 0x04, 0x02, 0x01, 0xfb, 0x01,
  0x00, 0x05, 0x09, 0x00, 0x02, 0xf9, 0xfe, 0x05, 0xfd, 0xff, 0x0a, 0x00,
  0x03, 0x02, 0x03, 0xfd, 0x02, 0x03, 0x01, 0x03, 0x06, 0xfe, 0x0a, 0x00,
  0x02, 0x04, 0x00, 0x00, 0x01, 0x01, 0x03, 0xff, 0xfd, 0xfa, 0xf8, 0x03,
  0xfd, 0xfd, 0xfd, 0x08, 0x06, 0x06, 0xf6, 0xfb, 0x01, 0xfa, 0xfb, 0x07,
  0xfe, 0xfb, 0x07, 0x05, 0xfe, 0x01, 0xfc, 0x03, 0x02, 0x0e, 0xfd, 0x05,
  0x02, 0xff, 0xfd, 0x03, 0x01, 0x03, 0x03, 0xf7, 0x02, 0xff, 0xfd, 0x02,
  0x03, 0xe7, 0x0e, 0xf9, 0x00, 0xf1, 0xf8, 0x05, 0x14, 0xff, 0x0f, 0xfe,
  0xfc, 0x03, 0x00, 0xff, 0x0d, 0xf6, 0x05, 0xe9, 0x01, 0x17, 0xfe, 0xf3,
  0x13, 0x12, 0xfd, 0xe9, 0xf1, 0x0e, 0x03, 0x14, 0x10, 0xf5, 0xfc, 0xff,
  0x17, 0xf5, 0x0d, 0xfb, 0xf2, 0x01, 0x0a, 0xfc, 0x0b, 0xfc, 0x00, 0x20,
  0xf5, 0x02, 0xfd, 0x06, 0xf5, 0xf1, 0xf9, 0xe5, 0x09, 0x02, 0xfe, 0x02,
  0xfb, 0x1d, 0x04, 0x0c, 0x03, 0xff, 0x04, 0x02, 0xfd, 0xff, 0x01, 0xfa,
  0x07, 0xff, 0xff, 0xfd, 0xfb, 0x05, 0xff, 0x03, 0x08, 0x02, 0xff, 0x05,
  0xff, 0x03, 0xfc, 0xfe, 0xff, 0x05, 0x07, 0x01, 0xfd, 0x05, 0x04, 0xfe,
  0xff, 0x03, 0xfe, 0x05, 0x03, 0x04, 0xfa, 0x05, 0xfe, 0xff, 0x03, 0x03,
  0x01, 0xfb, 0x02, 0xfc, 0xff, 0xff, 0xfc, 0x04, 0x03, 0x02, 0xfd, 0xf9,
  0x03, 0x04, 0xfe, 0x06, 0xfa, 0x03, 0xfd, 0xff, 0xf9, 0x03, 0xf9, 0x02,
  0xfb, 0x03, 0x03, 0xfa, 0xfd, 0x01, 0x00, 0xff, 0x01, 0xfb, 0x00, 0xfc,
  0xf9, 0x00, 0x01, 0xff, 0x08, 0xff, 0xff, 0xfe, 0xfc, 0xfc, 0x04, 0xfe,
  0xfb, 0xfa, 0xfd, 0x01, 0xfb, 0x00, 0xfd, 0x01, 0xfd, 0xfd, 0xff, 0xfe,
  0x03, 0xfb, 0xfe, 0xff, 0xff, 0x03, 0x01, 0x01, 0x01, 0xfc, 0xff, 0x00,
  0xfc, 0x02, 0xfe, 0xfd, 0xfd, 0x02, 0xff, 0x02, 0x03, 0x01, 0x00, 0x04,
  0x05, 0x02, 0xfc, 0xf9, 0x04, 0x05, 0xfa, 0xfe, 0x02, 0xf9, 0xfd, 0x02,
  0x00, 0x01, 0x03, 0xfd, 0x06, 0x03, 0x07, 0x02, 0x01, 0x04, 0x00, 0xfd,
  0x01, 0xff, 0x01, 0xfe, 0xfd, 0xf8, 0xfe, 0xff, 0x06, 0xfe, 0xff, 0x06,
  0xfc, 0xfd, 0x05, 0xfe, 0xfd, 0xfb, 0xff, 0x03, 0xfe, 0xfc, 0x00, 0xfe,
  0x01, 0xfc, 0x01, 0x01, 0xfc, 0xfc, 0xff, 0x01, 0x06, 0xfa, 0x00, 0xff,
  0x03, 0x01, 0xfb, 0xfd, 0x00, 0xfe, 0xfd, 0x04, 0xfd, 0x00, 0x00, 0x04,
  0xfe, 0x02, 0x01, 0xfe, 0x06, 0x0a, 0x02, 0x01, 0x02, 0xfe, 0x03, 0x00,
  0xff, 0xfe, 0xfe, 0xfd, 0x04, 0x00, 0x03, 0x02, 0xfd, 0x01, 0x02, 0x06,
  0xfa, 0xfc, 0x00, 0x04, 0x02, 0xff, 0xff, 0xfb, 0x05, 0x07, 0xfe, 0x03,
  0x03, 0xfb, 0xff, 0x03, 0x05, 0xfe, 0x04, 0xfd, 0x05, 0x00, 0x04, 0xff,
  0x03, 0xfb, 0x08, 0x05, 0xfa, 0x03, 0x01, 0xfd, 0xfa, 0x07, 0xf5, 0x0b,
  0x01, 0xfa, 0xff, 0xf8, 0xf5, 0x03, 0xf9, 0x07, 0x05, 0xf3, 0x07, 0x03,
  0xfa, 0x03, 0x04, 0x08, 0xfa, 0xec, 0x02, 0x05, 0xfd, 0xf0, 0x06, 0x0c,
  0x0a, 0x01, 0x01, 0xfd, 0xf5, 0x05, 0xff, 0xfe, 0x00, 0xf8, 0xf3, 0x02,
  0x06, 0xff, 0x00, 0x03, 0x05, 0x04, 0x00, 0xfb, 0x09, 0x0f, 0xfa, 0xfe,
  0xfb, 0x04, 0xfe, 0x0d, 0x01, 0xfe, 0xfc, 0xfb, 0x09, 0x01, 0x03, 0x0a,
  0xfe, 0x02, 0xff, 0x04, 0x02, 0xfc, 0x02, 0x01, 0x01, 0x04, 0xfe, 0xfe,
  0x01, 0x00, 0x00, 0x01, 0xfd, 0xff, 0xfe, 0x07, 0xfe, 0xff, 0x01, 0x06,
  0x04, 0x00, 0xfd, 0x05, 0xfb, 0xff, 0xfd, 0x01, 0x01, 0x00, 0xfd, 0x05,
  0x02, 0xfd, 0xfb, 0x02, 0x03, 0x00, 0xfe, 0xfe, 0xfd, 0xfe, 0xf9, 0xff,
  0x03, 0x02, 0xfb, 0x01, 0xfe, 0xfe, 0x02, 0x00, 0x00, 0x07, 0x00, 0x01,
  0x03, 0xff, 0x01, 0x02, 0x05, 0x05, 0x01, 0xfc, 0x05, 0x04, 0x00, 0xff,
  0x02, 0x01, 0xfd, 0xfd, 0xff, 0x01, 0xfd, 0x04, 0x04, 0x01, 0xfe, 0xfc,
  0x03, 0x02, 0xff, 0xfe, 0xfd, 0x03, 0xfd, 0x03, 0xfd, 0x04, 0xfe, 0xff,
  0xff, 0xfd, 0x01, 0x00, 0x04, 0xfd, 0x02, 0x00, 0xff, 0xfc, 0x00, 0x04,
  0x00, 0x01, 0x04, 0xfe, 0x03, 0xf8, 0x02, 0x02, 0x00, 0xfe, 0x03, 0x01,
  0xfb, 0x05, 0x06, 0x02, 0xfd, 0xfe, 0xff, 0xfe, 0x04, 0xfe, 0x02, 0xfd,
  0x01, 0x00, 0xfe, 0x00, 0x03, 0xfc, 0x03, 0x01, 0xfe, 0xfd, 0x01, 0xfe,
  0xfe, 0x00, 0x02, 0x01, 0x01, 0x01, 0x01, 0x00, 0xff, 0x01, 0xfb, 0xfe,
  0xff, 0x03, 0xfb, 0xff, 0xff, 0xfd, 0x02, 0xff, 0x01, 0x05, 0x06, 0xfe,
  0x00, 0x03, 0xff, 0x01, 0x02, 0xfd, 0xfd, 0x03, 0xfe, 0x01, 0x00, 0x00,
  0x01, 0x02, 0x03, 0x00, 0x00, 0x04, 0xfa, 0x04, 0xfe, 0xff, 0xfb, 0x03,
  0xff, 0x04, 0xfd, 0x03, 0xfd, 0xfe, 0xfe, 0x00, 0x01, 0x02, 0x01, 0xfe,
  0xfc, 0x02, 0xfe, 0xff, 0xfe, 0x01, 0x01, 0x01, 0x02, 0xfa, 0x04, 0xfa,
  0x01, 0x01, 0x02, 0xff, 0xfd, 0xfe, 0x02, 0x05, 0xff, 0xfd, 0xff, 0x01,
  0x01, 0x03, 0x00, 0x04, 0xfb, 0xff, 0x01, 0x03, 0x02, 0xfe, 0xfd, 0xfa,
  0xfc, 0x05, 0xfc, 0xff, 0xfe, 0xfd, 0xfa, 0x03, 0xfd, 0xfd, 0x01, 0x01,
  0x03, 0x03, 0x01, 0xff, 0xfe, 0x03, 0xf0, 0x06, 0x03, 0xf9, 0x04, 0x04,
  0xf3, 0x01, 0xf7, 0x04, 0x04, 0xf6, 0x07, 0x02, 0xfc, 0x01, 0xfe, 0x0a,
  0xfa, 0xed, 0xfc, 0x0a, 0x00, 0xef, 0x06, 0x0c, 0x04, 0xff, 0x00, 0xfb,
  0xfa, 0xff, 0xff, 0xff, 0xfa, 0xfe, 0xf4, 0x00, 0x07, 0xff, 0xf6, 0x01,
  0x05, 0xff, 0xfd, 0xf8, 0x0a, 0x07, 0xfc, 0xfb, 0xfc, 0x09, 0x00, 0x07,
  0xff, 0xfe, 0xfc, 0xfc, 0x06, 0xfc, 0x03, 0x02, 0xff, 0xfe, 0xfb, 0xfe,
  0xff, 0x02, 0xfd, 0x06, 0xfd, 0x03, 0x02, 0x02, 0xfd, 0x04, 0x02, 0xfb,
  0x00, 0x01, 0xff, 0xf9, 0x05, 0x05, 0x02, 0x03, 0x02, 0x01, 0x06, 0x01,
  0x02, 0x04, 0xff, 0x03, 0x00, 0xfd, 0xfd, 0x04, 0x05, 0xfb, 0x04, 0x00,
  0x04, 0xfa, 0xff, 0xf9, 0x03, 0x00, 0xff, 0xfe, 0x02, 0x06, 0x04, 0x08,
  0x00, 0x01, 0xfc, 0x02, 0x02, 0x03, 0x02, 0x02, 0x06, 0x04, 0x06, 0x03,
  0x02, 0x04, 0x01, 0x01, 0xf9, 0xfd, 0xfe, 0x04, 0xfb, 0x02, 0xff, 0x00,
  0xfd, 0x04, 0xfe, 0xfc, 0x01, 0x04, 0x03, 0xfe, 0x00, 0x02, 0x06, 0xfd,
  0x01, 0x03, 0x01, 0x03, 0xf7, 0xfc, 0xfc, 0xff, 0x02, 0xff, 0x01, 0xfd,
  0xfe, 0x02, 0x03, 0xfd, 0xff, 0xff, 0x00, 0xfb, 0x02, 0x02, 0xf8, 0xfd,
  0xfc, 0xff, 0xfd, 0xf9, 0x01, 0xfc, 0xfb, 0x05, 0x06, 0xff, 0x05, 0xfd,
  0x02, 0xfd, 0x02, 0x04, 0x04, 0x04, 0x00, 0xfc, 0xff, 0xff, 0x05, 0x03,
  0xff, 0xff, 0x00, 0x03, 0xfe, 0x06, 0x01, 0x00, 0xfe, 0x01, 0x08, 0xfe,
  0x02, 0xf8, 0x04, 0x00, 0x07, 0x02, 0x06, 0x00, 0x05, 0xfd, 0x02, 0xfc,
  0x00, 0xfc, 0x00, 0x01, 0xfc, 0xfa, 0xfd, 0x01, 0xfd, 0xfd, 0x02, 0x03,
  0x00, 0x03, 0x05, 0x04, 0x02, 0x00, 0x06, 0xf9, 0xfc, 0x01, 0xf8, 0x04,
  0xfd, 0xfa, 0xff, 0xf6, 0x03, 0x06, 0xf9, 0xfd, 0xfb, 0x00, 0xfc, 0xfc,
  0x01, 0xfc, 0x01, 0x05, 0xfd, 0x03, 0x03, 0xfb, 0xfd, 0x05, 0x05, 0xff,
  0x05, 0xfb, 0x04, 0x00, 0xfd, 0x01, 0xf9, 0xff, 0xf8, 0xff, 0x00, 0x00,
  0x01, 0xf7, 0x00, 0xfe, 0xfc, 0xfb, 0x00, 0x02, 0x02, 0x00, 0xfd, 0x06,
  0xff, 0x02, 0xfd, 0x06, 0x02, 0xfb, 0x00, 0x01, 0xfe, 0x03, 0x00, 0x03,
  0xfd, 0xfe, 0xf9, 0xfe, 0xff, 0xff, 0xfa, 0xff, 0xfd, 0x00, 0x02, 0xf8,
  0x00, 0x08, 0xe4, 0x0e, 0xfe, 0xfd, 0xff, 0x04, 0xef, 0x03, 0xf7, 0x06,
  0x03, 0xf2, 0x03, 0x04, 0x02, 0x02, 0xfe, 0x0e, 0xf9, 0xf2, 0x01, 0x06,
  0xff, 0xec, 0x09, 0x06, 0x01, 0xf9, 0xfc, 0x03, 0xeb, 0x07, 0x00, 0xff,
  0xf9, 0xfd, 0xfc, 0xfe, 0x0a, 0x05, 0xfb, 0x02, 0x0a, 0xfb, 0xfc, 0xfb,
  0x0e, 0x0d, 0xf9, 0x00, 0xf9, 0x06, 0xfb, 0x08, 0x03, 0x06, 0xfe, 0xfe,
  0x08, 0xff, 0x05, 0x09, 0xfb, 0xf7, 0x05, 0x05, 0x02, 0x01, 0xfa, 0x01,
  0x06, 0x03, 0x06, 0x03, 0xff, 0x03, 0xf9, 0xfb, 0x04, 0xfd, 0x06, 0xfa,
  0x01, 0x02, 0xfa, 0xfb, 0xf9, 0x01, 0x00, 0xff, 0xfb, 0x02, 0x03, 0xfb,
  0xff, 0xfd, 0x03, 0x03, 0x07, 0xff, 0xfd, 0x05, 0x00, 0xfa, 0xfe, 0x07,
  0x01, 0xff, 0x02, 0xfc, 0x02, 0x03, 0x07, 0x04, 0x01, 0x01, 0x02, 0xff,
  0x09, 0x02, 0xff, 0x00, 0x03, 0x04, 0xfe, 0xf9, 0x06, 0xfe, 0x01, 0x02,
  0x03, 0xfd, 0xff, 0xfe, 0x06, 0xf8, 0x03, 0xfe, 0x05, 0x03, 0xfd, 0x06,
  0x03, 0xff, 0xff, 0x01, 0xfb, 0x03, 0xf8, 0xfd, 0xfe, 0xff, 0x04, 0xfc,
  0xff, 0x01, 0x01, 0xf9, 0x03, 0x02, 0xff, 0x07, 0x00, 0x06, 0x04, 0x00,
  0x00, 0xff, 0x06, 0xff, 0x02, 0x00, 0x02, 0xfe, 0x03, 0xfa, 0xff, 0x04,
  0xfa, 0x07, 0xfe, 0xfe, 0x03, 0x06, 0xfc, 0x05, 0x02, 0xfb, 0x03, 0x00,
  0xfc, 0x03, 0xfe, 0x04, 0xfc, 0xfd, 0xfe, 0x00, 0xf7, 0x01, 0xfc, 0x03,
  0xfe, 0x00, 0x05, 0xff, 0xfc, 0xf8, 0xff, 0xfd, 0x04, 0x01, 0xfe, 0xfe,
  0xf7, 0x00, 0x02, 0xfd, 0xfb, 0xfc, 0x03, 0x04, 0xfe, 0x02, 0xfb, 0x03,
  0xfe, 0xff, 0x05, 0xfb, 0xff, 0x01, 0xfd, 0xfd, 0xfc, 0xfb, 0xff, 0xfd,
  0xf9, 0x05, 0xfe, 0x08, 0x03, 0x03, 0xf8, 0xf8, 0x05, 0x01, 0x09, 0x00,
  0x04, 0xff, 0xff, 0x01, 0x05, 0xf8, 0x00, 0x02, 0xff, 0x01, 0x05, 0x05,
  0x01, 0x04, 0x06, 0x03, 0xfa, 0x03, 0x03, 0xfa, 0xff, 0xfe, 0xfc, 0xff,
  0x0b, 0x03, 0x04, 0x01, 0x00, 0x04, 0xfc, 0xff, 0x03, 0xfd, 0xfa, 0x04,
  0x01, 0xff, 0x02, 0x00, 0xf8, 0xff, 0x08, 0x04, 0xf8, 0xfc, 0x06, 0x04,
  0x02, 0x03, 0xfd, 0x00, 0xf9, 0x0c, 0xf9, 0xff, 0x00, 0xfa, 0x03, 0x01,
  0x01, 0xfe, 0xfd, 0xfe, 0xf8, 0x04, 0x07, 0x05, 0x06, 0xf0, 0x1c, 0x00,
  0xfd, 0xfc, 0x00, 0xfa, 0x15, 0xf6, 0x0f, 0xf7, 0xf8, 0x07, 0xf9, 0xf1,
  0x10, 0xfd, 0x00, 0xe6, 0xf4, 0x15, 0xfb, 0xe4, 0x0e, 0x18, 0x09, 0xec,
  0xf2, 0x15, 0x03, 0x1c, 0x0e, 0xf3, 0x03, 0x07, 0x11, 0xf6, 0x02, 0xfd,
  0xf7, 0x04, 0x07, 0x02, 0x04, 0xfe, 0xfa, 0x12, 0xf9, 0xfb, 0x08, 0x09,
  0xf6, 0xf3, 0xfe, 0xec, 0x00, 0x02, 0x03, 0xfe, 0xfa, 0x0c, 0x06, 0x00,
  0xfd, 0x05, 0x00, 0xfe, 0xfb, 0xfd, 0x03, 0x01, 0x03, 0x02, 0xfd, 0xff,
  0xff, 0xfd, 0x01, 0xfc, 0xff, 0xfe, 0x03, 0xfe, 0xff, 0xfb, 0x02, 0x03,
  0xff, 0x01, 0x03, 0x02, 0xf8, 0x03, 0xff, 0xfa, 0x00, 0x02, 0xf9, 0x06,
  0x00, 0xfe, 0xf9, 0x04, 0x01, 0xfe, 0xfe, 0x01, 0xfe, 0x00, 0xff, 0x00,
  0x00, 0x02, 0x03, 0x02, 0xfe, 0xfb, 0x01, 0xff, 0x07, 0x04, 0x02, 0x01,
  0xfc, 0x01, 0x05, 0xff, 0xff, 0x01, 0xfd, 0xfe, 0xfd, 0x03, 0x03, 0x02,
  0x04, 0x04, 0x02, 0x02, 0x03, 0x00, 0xfb, 0x00, 0x03, 0xff, 0x01, 0xfe,
  0x01, 0xfe, 0xfb, 0xff, 0x00, 0xfd, 0x04, 0x00, 0x06, 0x01, 0x02, 0xfd,
  0x01, 0x07, 0xff, 0xfe, 0x01, 0x01, 0x01, 0x04, 0xfb, 0xfe, 0xfe, 0x00,
  0x00, 0x01, 0xff, 0x00, 0xff, 0xfa, 0xff, 0xfe, 0xff, 0x01, 0x00, 0x00,
  0x02, 0xff, 0xfe, 0x03, 0xff, 0x02, 0x02, 0x05, 0xfc, 0x04, 0x00, 0xff,
  0xfd, 0x04, 0xfe, 0x00, 0x03, 0x04, 0x03, 0x03, 0x01, 0xff, 0xff, 0x03,
  0x05, 0x02, 0x00, 0xff, 0xfe, 0x01, 0xfe, 0xfc, 0x04, 0xff, 0xfc, 0x01,
  0x03, 0x01, 0x03, 0x02, 0xfd, 0x00, 0x04, 0xfa, 0xff, 0x01, 0xfd, 0xff,
  0xff, 0xfc, 0xfc, 0xff, 0xff, 0xfe, 0xfe, 0x01, 0xff, 0x05, 0x05, 0x03,
  0x03, 0x04, 0xfd, 0xf9, 0x03, 0xfc, 0x01, 0xff, 0x02, 0x00, 0xff, 0x03,
  0xfe, 0x01, 0x00, 0x01, 0xfd, 0xff, 0x03, 0x03, 0x00, 0xf9, 0xfd, 0xfe,
  0x01, 0x03, 0x02, 0xff, 0x02, 0x03, 0x07, 0xff, 0x00, 0xfb, 0x04, 0xfc,
  0x03, 0xf9, 0x06, 0x00, 0xfd, 0xff, 0x00, 0xfc, 0x01, 0x00, 0xf7, 0xfd,
  0x04, 0x00, 0x01, 0x03, 0x02, 0xfc, 0x04, 0xfc, 0x04, 0xf9, 0x02, 0xfc,
  0x07, 0xfb, 0x02, 0xf8, 0xfd, 0x01, 0x02, 0x06, 0xff, 0xfc, 0x01, 0x00,
  0x02, 0xff, 0xfd, 0xff, 0xfb, 0xff, 0xef, 0x09, 0xfa, 0xfc, 0x01, 0x00,
  0xf7, 0x05, 0xf7, 0x02, 0x02, 0xf8, 0x02, 0x01, 0x01, 0xfd, 0x02, 0x05,
  0xf8, 0xee, 0x02, 0x02, 0x00, 0xec, 0x08, 0x07, 0x02, 0x02, 0xfa, 0x03,
  0xf1, 0x06, 0x02, 0xff, 0xfe, 0xf9, 0xf6, 0x00, 0x0d, 0xfe, 0xfb, 0x00,
  0x06, 0x03, 0xfe, 0xf9, 0x0a, 0x06, 0x01, 0xfb, 0xfd, 0x04, 0x05, 0x08,
  0xff, 0xfd, 0x00, 0xfc, 0x00, 0x03, 0xfb, 0x06, 0xf7, 0x08, 0x08, 0xfd,
  0xfc, 0x00, 0x04, 0xff, 0xfe, 0x03, 0xfa, 0xfa, 0x08, 0xfd, 0x05, 0x01,
  0xff, 0x01, 0xfe, 0x05, 0xfe, 0xff, 0x03, 0x01, 0xff, 0x08, 0x01, 0x04,
  0x06, 0x01, 0x01, 0xf3, 0x07, 0x05, 0x06, 0x02, 0xf3, 0x06, 0x00, 0xfc,
  0x04, 0xf5, 0x03, 0xfb, 0xf7, 0xfd, 0xfd, 0xf5, 0x06, 0x06, 0x00, 0x02,
  0x05, 0x05, 0xfa, 0xff, 0xff, 0xf8, 0xff, 0x09, 0xfe, 0xf8, 0x01, 0x0b,
  0xfa, 0xf8, 0xfc, 0xf8, 0xff, 0xff, 0xfd, 0x05, 0x07, 0xfb, 0xfd, 0x03,
  0x06, 0xfc, 0xfe, 0xfe, 0x04, 0xfd, 0xfb, 0x06, 0xfd, 0xfe, 0xfc, 0xf4,
  0xff, 0x01, 0xfb, 0x00, 0x04, 0x00, 0xff, 0xfa, 0x05, 0x05, 0x05, 0xf9,
  0x05, 0x07, 0x02, 0xfb, 0x09, 0xfd, 0x00, 0xfe, 0x07, 0x00, 0x04, 0x09,
  0x07, 0xf8, 0xfe, 0xff, 0xff, 0xff, 0x02, 0xfe, 0xfb, 0xff, 0x05, 0x03,
  0x02, 0x00, 0x01, 0xfa, 0xfc, 0x00, 0xff, 0x06, 0xfe, 0x00, 0xfc, 0xfc,
  0xff, 0x04, 0x05, 0xff, 0xfe, 0x01, 0x01, 0x00, 0x00, 0x01, 0xfc, 0xfd,
  0x06, 0x03, 0x06, 0xfe, 0x02, 0xff, 0x02, 0x01, 0xfd, 0x05, 0x04, 0x00,
  0xfc, 0xfc, 0xfe, 0xfc, 0x03, 0xff, 0xfa, 0x06, 0xfb, 0x06, 0xfe, 0xfc,
  0x00, 0xf8, 0x07, 0x05, 0xfd, 0xfc, 0x05, 0xff, 0x05, 0x00, 0xfb, 0xfe,
  0x05, 0x02, 0xfa, 0xfd, 0x03, 0x01, 0x00, 0x09, 0x00, 0xfb, 0xfe, 0x02,
  0xff, 0x00, 0x00, 0xff, 0x02, 0x04, 0x06, 0x07, 0xff, 0x00, 0xfd, 0x05,
  0xfb, 0x00, 0x03, 0x05, 0x08, 0x00, 0x00, 0x01, 0x03, 0x02, 0x03, 0xff,
  0x02, 0x02, 0x01, 0xff, 0x02, 0x00, 0xfa, 0x04, 0xfd, 0x00, 0xfe, 0x05,
  0xfc, 0x07, 0xff, 0x00, 0x01, 0xf8, 0x00, 0x00, 0xfe, 0xf8, 0x08, 0x04,
  0x07, 0x00, 0x01, 0x01, 0x02, 0xff, 0x00, 0xf8, 0x01, 0x01, 0x01, 0xfb,
  0x02, 0xfe, 0x0d, 0xf9, 0x00, 0x0f, 0x0b, 0x05, 0x08, 0x04, 0x05, 0xeb,
  0xfb, 0x15, 0x01, 0xf6, 0xfc, 0xee, 0xff, 0x00, 0xf9, 0x10, 0x07, 0xfd,
  0x01, 0x0b, 0xea, 0xfc, 0xf6, 0x0c, 0x06, 0x06, 0x0f, 0xff, 0x04, 0xfe,
  0x01, 0x0c, 0x03, 0x03, 0xe1, 0x02, 0x00, 0xfd, 0xf6, 0xfc, 0x02, 0x01,
  0xe1, 0xee, 0x0a, 0x02, 0x10, 0x06, 0xfc, 0xfa, 0x07, 0x07, 0xfb, 0x15,
  0xf3, 0x00, 0xfe, 0x02, 0x00, 0xfa, 0x02, 0x00, 0x06, 0xfe, 0x02, 0x00,
  0x00, 0x01, 0x01, 0x04, 0xfd, 0x04, 0x01, 0x01, 0x00, 0x05, 0x06, 0x04,
  0xfc, 0x05, 0xfe, 0xff, 0x06, 0x04, 0xfd, 0xfc, 0x03, 0xfa, 0x01, 0xff,
  0xff, 0x08, 0xfa, 0x03, 0x05, 0xfc, 0x00, 0x06, 0x00, 0xfc, 0x03, 0x00,
  0xfa, 0xf7, 0x05, 0x00, 0x02, 0xfe, 0xff, 0x07, 0xfa, 0xff, 0xff, 0xf7,
  0xfe, 0x02, 0x03, 0x03, 0x02, 0xfd, 0x02, 0xfc, 0x05, 0x07, 0x03, 0xf8,
  0xfd, 0xfe, 0x04, 0x02, 0x06, 0xfd, 0x01, 0xfe, 0x04, 0x01, 0x02, 0xff,
  0xfd, 0x00, 0x00, 0x03, 0x02, 0xfe, 0x04, 0x03, 0xfe, 0x03, 0x04, 0x00,
  0x03, 0x02, 0x05, 0x05, 0x03, 0x04, 0xff, 0xfe, 0x00, 0x01, 0x03, 0x04,
  0x00, 0xf8, 0xfa, 0xfe, 0xfc, 0x04, 0x00, 0xf9, 0x04, 0x02, 0xfd, 0xfe,
  0xfa, 0x04, 0x08, 0xfe, 0xfe, 0x09, 0x02, 0xfd, 0x00, 0xfa, 0xfd, 0x02,
  0x03, 0x00, 0x03, 0x02, 0xff, 0x03, 0xff, 0xfd, 0xfe, 0x02, 0xff, 0x01,
  0xfc, 0x03, 0x01, 0xfe, 0xfd, 0xfa, 0x01, 0xfd, 0x02, 0xfb, 0x0a, 0x02,
  0xfb, 0x00, 0xfc, 0xff, 0x02, 0x04, 0x08, 0xf9, 0x05, 0xfd, 0x01, 0x04,
  0x01, 0x00, 0x00, 0xff, 0x05, 0x01, 0x03, 0x00, 0x04, 0x05, 0xff, 0xfe,
  0xfd, 0x02, 0x07, 0xfe, 0xff, 0xfc, 0x00, 0xfe, 0xfe, 0x04, 0x01, 0x00,
  0xfc, 0x05, 0xf7, 0x00, 0xfd, 0xff, 0x01, 0x01, 0x03, 0x02, 0x05, 0x01,
  0x01, 0x03, 0x05, 0xf9, 0xfc, 0xfe, 0x02, 0xfd, 0xfc, 0xfc, 0xfd, 0xf8,
  0x01, 0xff, 0x05, 0xf4, 0xff, 0x00, 0xff, 0xfc, 0xfd, 0xfd, 0x00, 0x06,
  0xfe, 0x02, 0x03, 0xfd, 0x01, 0x02, 0x04, 0xfd, 0xfc, 0xfa, 0x01, 0x01,
  0xfb, 0x03, 0xfb, 0x04, 0xfc, 0x01, 0xfb, 0xfb, 0x0b, 0xfe, 0x01, 0xfb,
  0xfa, 0xfb, 0xfa, 0xfe, 0xfc, 0xff, 0x06, 0x01, 0xfe, 0x08, 0xeb, 0x0d,
  0xff, 0xff, 0x02, 0x05, 0xf1, 0xfc, 0xf8, 0x00, 0x08, 0xf8, 0x0a, 0xfc,
  0xfc, 0xfe, 0x02, 0x07, 0x02, 0xee, 0x00, 0x07, 0x01, 0xed, 0x05, 0x0c,
  0x00, 0xf7, 0xfc, 0xfd, 0xf7, 0x08, 0x02, 0xff, 0xfc, 0xf9, 0xfb, 0x02,
  0x04, 0x02, 0xfa, 0xff, 0x08, 0x03, 0x01, 0xf5, 0x09, 0x0c, 0x06, 0xfa,
  0xf9, 0x0c, 0xfd, 0x0e, 0x02, 0x06, 0x04, 0xfa, 0x03, 0xfb, 0xfd, 0x07,
  0xfb, 0xff, 0xff, 0x03, 0xf7, 0x02, 0xfa, 0x02, 0xff, 0xfa, 0x01, 0xf6,
  0x02, 0x03, 0xfd, 0xfc, 0x04, 0x01, 0xf8, 0x02, 0x00, 0x01, 0x01, 0x06,
  0xfe, 0x04, 0x07, 0x07, 0x01, 0x04, 0x04, 0x03, 0x00, 0xfc, 0x08, 0x04,
  0x00, 0x01, 0xfd, 0x04, 0xfc, 0xfc, 0x00, 0x02, 0x09, 0x01, 0xfa, 0xf9,
  0xfb, 0x08, 0x03, 0xfb, 0x00, 0x02, 0x03, 0xff, 0x08, 0x02, 0xfb, 0xfb,
  0xfd, 0x05, 0x00, 0xfd, 0x01, 0x03, 0x03, 0x04, 0x03, 0xf9, 0x02, 0x01,
  0xff, 0x02, 0xff, 0xfd, 0x04, 0xfa, 0x03, 0x05, 0x05, 0xff, 0xf8, 0xfd,
  0x04, 0x00, 0xff, 0x01, 0x00, 0x03, 0x05, 0x01, 0x01, 0x02, 0xff, 0x02,
  0xfb, 0x00, 0x06, 0x01, 0x05, 0x00, 0xfd, 0xff, 0xfd, 0xfe, 0x02, 0x00,
  0xfc, 0x02, 0xff, 0xfd, 0xfd, 0xff, 0xfb, 0x00, 0xfc, 0x01, 0x06, 0x01,
  0xff, 0xf8, 0xfb, 0xfb, 0x09, 0x01, 0x07, 0xfc, 0xfa, 0xfe, 0x00, 0x01,
  0xfd, 0x04, 0x05, 0x08, 0xfd, 0x04, 0x04, 0xfd, 0x04, 0x02, 0x00, 0xfe,
  0xfb, 0xf9, 0xfe, 0xfa, 0xff, 0xf8, 0xfc, 0xfd, 0xff, 0x02, 0x07, 0xfe,
  0xfb, 0xfc, 0x03, 0x06, 0xf9, 0x01, 0xf7, 0x03, 0xff, 0x04, 0xff, 0x01,
  0xfe, 0x07, 0xff, 0xfb, 0xfd, 0xfc, 0x05, 0xfc, 0x05, 0x01, 0xfb, 0xf7,
  0x02, 0xff, 0x06, 0x00, 0x00, 0x03, 0x00, 0xf7, 0xf7, 0x00, 0x00, 0xfd,
  0x02, 0x07, 0x03, 0x00, 0xfe, 0x01, 0x02, 0x00, 0xfb, 0xfd, 0xff, 0x01,
  0xfa, 0xf8, 0x05, 0x04, 0xfe, 0xfd, 0x04, 0xfa, 0xfc, 0x02, 0xff, 0xff,
  0xf9, 0x00, 0x04, 0x06, 0x00, 0xfc, 0xff, 0x06, 0x06, 0x0d, 0x02, 0xfe,
  0x0a, 0xfc, 0xfc, 0x02, 0x01, 0x02, 0x03, 0x07, 0x00, 0xfa, 0xff, 0xff,
  0xfd, 0x04, 0xf6, 0x06, 0xfd, 0x04, 0x04, 0x02, 0x03, 0x03, 0x03, 0x00,
  0xf9, 0x05, 0xfc, 0x01, 0x07, 0xe4, 0x0a, 0xf6, 0xfd, 0xf5, 0xf5, 0x03,
  0x0e, 0x00, 0x13, 0x03, 0xfe, 0x03, 0xf7, 0x08, 0x10, 0xf9, 0x01, 0xea,
  0xf2, 0x13, 0xff, 0xf1, 0x17, 0x12, 0x04, 0xf0, 0xef, 0x11, 0xfe, 0x11,
  0x09, 0xf2, 0xff, 0x07, 0x1c, 0xfd, 0x08, 0x07, 0xf9, 0x01, 0x10, 0xfe,
  0x07, 0xff, 0x05, 0x1a, 0xfd, 0x06, 0x00, 0x03, 0xfa, 0xef, 0x01, 0xec,
  0xfe, 0x02, 0x02, 0x03, 0x02, 0x19, 0xff, 0xfe, 0x02, 0xff, 0x02, 0x05,
  0xf6, 0xfe, 0x01, 0x04, 0x00, 0x07, 0x00, 0x03, 0x03, 0x00, 0x03, 0xff,
  0x04, 0xfc, 0x0c, 0xfd, 0xfb, 0xf7, 0x09, 0xfd, 0x03, 0x04, 0xfa, 0xf9,
  0xff, 0xff, 0xfd, 0x05, 0x02, 0x03, 0xfe, 0xf8, 0xff, 0x00, 0x00, 0xff,
  0xff, 0x01, 0x06, 0xfa, 0x03, 0xff, 0x06, 0xfd, 0xfc, 0xfa, 0x05, 0x01,
  0x01, 0xff, 0x00, 0xfd, 0x01, 0xfb, 0x03, 0xfd, 0x09, 0xfe, 0xfc, 0x03,
  0x01, 0x05, 0xf5, 0x06, 0x07, 0x01, 0xfb, 0x01, 0x03, 0xfa, 0x01, 0x06,
  0x0a, 0xfb, 0x01, 0x07, 0xfa, 0xff, 0xfb, 0x08, 0xff, 0x00, 0xfd, 0x02,
  0x03, 0x02, 0xfd, 0x05, 0x01, 0xfa, 0x02, 0xff, 0x03, 0x05, 0xf8, 0xfa,
  0xff, 0x00, 0x01, 0xfd, 0x06, 0x06, 0xfc, 0x0b, 0xfc, 0x00, 0x00, 0x02,
  0x01, 0xfd, 0xff, 0x07, 0x00, 0xfd, 0xfe, 0x07, 0x07, 0xfa, 0xfa, 0x00,
  0x01, 0xf7, 0x00, 0xfc, 0x03, 0x03, 0xfb, 0xf5, 0xfb, 0x02, 0x0a, 0x00,
  0x04, 0x01, 0x03, 0xfe, 0x06, 0xff, 0xfa, 0x07, 0xfe, 0xf8, 0xf6, 0x06,
  0xff, 0x0c, 0x04, 0x01, 0x0a, 0xfe, 0x03, 0x03, 0x03, 0x08, 0x05, 0xff,
  0x03, 0x01, 0x05, 0xf8, 0x07, 0x00, 0x03, 0xff, 0x01, 0x05, 0x0a, 0x00,
  0x04, 0x03, 0x01, 0xfe, 0xf9, 0xff, 0xfe, 0xfe, 0xf9, 0xfc, 0x03, 0x05,
  0x00, 0x00, 0x03, 0xfe, 0x04, 0xfd, 0x01, 0xfc, 0x00, 0xff, 0x04, 0xfb,
  0x00, 0x07, 0xfe, 0x08, 0x03, 0xf9, 0x04, 0xfe, 0xfb, 0x03, 0xfe, 0xfb,
  0x0a, 0x04, 0xf8, 0x03, 0xfe, 0x06, 0xf8, 0x07, 0x05, 0xfe, 0x02, 0x04,
  0x07, 0x09, 0xfb, 0x06, 0x05, 0xfe, 0x02, 0x03, 0x08, 0xff, 0xfe, 0x04,
  0xff, 0xf8, 0x01, 0x02, 0x06, 0x08, 0xfb, 0x04, 0xfb, 0x09, 0xfb, 0x05,
  0xfc, 0xfd, 0x04, 0xf6, 0x08, 0x08, 0x02, 0xff, 0xfa, 0x05, 0xff, 0x01,
  0x09, 0xee, 0x11, 0xf4, 0xfc, 0xf8, 0xf6, 0xfd, 0x0d, 0x08, 0x0b, 0x06,
  0xf5, 0x0e, 0xf5, 0x07, 0x07, 0xf8, 0x06, 0xe8, 0xf8, 0x18, 0xfe, 0xf0,
  0x0c, 0x15, 0xff, 0xeb, 0xf0, 0x0f, 0xfd, 0x0e, 0x0c, 0xf4, 0xff, 0x06,
  0x14, 0xfa, 0x0b, 0xfd, 0xfc, 0x05, 0x05, 0x05, 0x0c, 0x01, 0xf9, 0x1d,
  0xfc, 0x04, 0x09, 0x0b, 0xfd, 0xf3, 0x03, 0xf3, 0x04, 0x05, 0xff, 0x06,
  0xfa, 0x15, 0x04, 0xfe, 0xf8, 0xff, 0xf8, 0x08, 0xfc, 0x06, 0xfa, 0xfc,
  0xfa, 0xfc, 0x01, 0xfc, 0x02, 0xfe, 0x02, 0xfc, 0x00, 0xfe, 0x05, 0x01,
  0xfe, 0xfa, 0xff, 0x01, 0xff, 0xfd, 0x08, 0x02, 0x04, 0xfa, 0xfe, 0xfd,
  0xff, 0xfa, 0xfe, 0x05, 0xfd, 0xfe, 0x00, 0xf9, 0xfc, 0xfd, 0xf9, 0x0a,
  0xfb, 0xfc, 0x03, 0xff, 0xfd, 0x08, 0x02, 0xf6, 0x01, 0x02, 0x02, 0xf5,
  0xff, 0xfa, 0xfc, 0x06, 0x00, 0xfd, 0xfb, 0xfe, 0x06, 0x01, 0x04, 0x03,
  0x01, 0x00, 0x01, 0xfc, 0xfc, 0x0a, 0xfa, 0x08, 0xfc, 0x06, 0xf7, 0x08,
  0x01, 0xfb, 0xff, 0x01, 0x03, 0x02, 0xff, 0x00, 0xfc, 0x00, 0xfb, 0xff,
  0x03, 0x01, 0x04, 0x01, 0x00, 0x00, 0x01, 0x04, 0x03, 0x01, 0x04, 0xfb,
  0xfb, 0x04, 0x07, 0x03, 0x00, 0x00, 0x06, 0x03, 0x00, 0x05, 0x00, 0x03,
  0x04, 0xfc, 0xfe, 0xfb, 0x03, 0x03, 0x01, 0x00, 0xfb, 0xfd, 0x02, 0x06,
  0xfd, 0xf8, 0xff, 0xfb, 0xf8, 0x05, 0x01, 0xfe, 0xfc, 0xfc, 0xf9, 0x04,
  0x01, 0xfa, 0x03, 0x04, 0xfd, 0xfb, 0x07, 0x04, 0x00, 0xfd, 0xfd, 0x02,
  0xf9, 0x03, 0xff, 0xfc, 0x05, 0x02, 0x00, 0x04, 0xfd, 0x01, 0xfe, 0xfb,
  0x05, 0xfd, 0x05, 0x01, 0xfd, 0x09, 0x00, 0x02, 0xfc, 0xff, 0x02, 0x00,
  0xfe, 0x08, 0x02, 0x03, 0xfb, 0xfd, 0x03, 0xfb, 0x02, 0x00, 0xff, 0x01,
  0xfc, 0xfc, 0xf6, 0xff, 0x02, 0x0a, 0x06, 0xfe, 0xff, 0x05, 0xff, 0x05,
  0x02, 0xf9, 0x01, 0xfc, 0x0a, 0x09, 0x03, 0xfd, 0x06, 0x03, 0xf6, 0x06,
  0xff, 0xfc, 0x04, 0xfa, 0xfe, 0x04, 0x06, 0x08, 0xff, 0xfb, 0x04, 0x02,
  0xfc, 0x0a, 0xfd, 0x03, 0x01, 0x05, 0x06, 0xfa, 0x03, 0x04, 0x04, 0xfb,
  0xff, 0xfe, 0xfe, 0xff, 0xfa, 0x00, 0xfe, 0x00, 0x07, 0x04, 0x05, 0x0e,
  0x09, 0xf8, 0x01, 0x04, 0x01, 0xfb, 0xfe, 0x00, 0x03, 0xe6, 0x0d, 0xf6,
  0xfb, 0xf8, 0xf6, 0xf8, 0x13, 0xfb, 0x0b, 0xf9, 0xf7, 0x06, 0xfb, 0xfd,
  0x04, 0xfe, 0xfe, 0xef, 0x01, 0x11, 0x04, 0xe7, 0x0a, 0x10, 0xfb, 0xf5,
  0xf9, 0x08, 0xfc, 0x0b, 0x0c, 0xfa, 0xfd, 0x05, 0x17, 0xfc, 0x08, 0xfe,
  0xf3, 0x02, 0x03, 0x04, 0x05, 0xfd, 0xfc, 0x1b, 0xfa, 0x00, 0xfa, 0x0c,
  0xfc, 0xe8, 0xfc, 0xe9, 0x00, 0xff, 0x04, 0xfc, 0xfa, 0x16, 0xfc, 0x00,
  0x22, 0xfb, 0xff, 0xff, 0x04, 0x00, 0x00, 0x00, 0x80, 0x00, 0x00, 0x00,
  0x26, 0x79, 0xff, 0xff, 0x01, 0x6e, 0xff, 0xff, 0x7e, 0xf3, 0xff, 0xff,
  0x31, 0xdb, 0xff, 0xff, 0x82, 0x0a, 0xff, 0xff, 0x9d, 0xf1, 0xfe, 0xff,
  0xd5, 0xca, 0xff, 0xff, 0x10, 0x8f, 0xff, 0xff, 0x5f, 0x87, 0xff, 0xff,
  0x9c, 0x08, 0x00, 0x00, 0x0b, 0x09, 0x00, 0x00, 0xe6, 0xf5, 0xff, 0xff,
  0x18, 0x19, 0x00, 0x00, 0x87, 0x25, 0x00, 0x00, 0x2d, 0xe2, 0xff, 0xff,
  0xba, 0xbc, 0xff, 0xff, 0x25, 0xfb, 0xff, 0xff, 0x91, 0x0f, 0x00, 0x00,
  0x18, 0x0c, 0x00, 0x00, 0x43, 0xff, 0xff, 0xff, 0x85, 0x1a, 0x00, 0x00,
  0x13, 0xde, 0xff, 0xff, 0x35, 0xfc, 0xff, 0xff, 0x27, 0x0e, 0x00, 0x00,
  0xd3, 0x0a, 0x00, 0x00, 0x6e, 0xdf, 0xff, 0xff, 0x53, 0x10, 0x00, 0x00,
  0x60, 0xdc, 0xff, 0xff, 0x42, 0x07, 0x00, 0x00, 0x03, 0xd3, 0xff, 0xff,
  0xc0, 0xc8, 0xff, 0xff, 0x21, 0xed, 0xff, 0xff, 0xae, 0xfb, 0xff, 0xff,
  0x04, 0x00, 0x00, 0x00, 0x00, 0x02, 0x00, 0x00, 0xcc, 0xda, 0x05, 0xf7,
  0xe7, 0xe9, 0xed, 0xcf, 0xd0, 0x17, 0x08, 0xc6, 0x15, 0x17, 0x01, 0xc0,
  0x01, 0x17, 0x1a, 0x03, 0x15, 0x03, 0x0c, 0x0d, 0x0d, 0xf4, 0x0e, 0xca,
  0x10, 0x01, 0xf3, 0xf0, 0x01, 0x01, 0x07, 0xda, 0x01, 0x08, 0xd9, 0x02,
  0x04, 0x0f, 0x01, 0xec, 0x11, 0x01, 0xe8, 0xfb, 0x09, 0x07, 0x0a, 0x07,
  0x13, 0xe5, 0x18, 0xfb, 0x14, 0xe3, 0xfb, 0xee, 0x06, 0xd7, 0xe5, 0xd9,
  0xdc, 0xd6, 0x20, 0x03, 0xd7, 0xe5, 0xee, 0xca, 0xcd, 0x10, 0x1b, 0xc3,
  0xfd, 0x0e, 0xea, 0xd0, 0x10, 0x0f, 0x04, 0x17, 0x11, 0xee, 0x19, 0x01,
  0x05, 0x00, 0x0e, 0xbd, 0x13, 0xf3, 0xf7, 0xfc, 0x82, 0xde, 0x22, 0xff,
  0xab, 0xa4, 0xfd, 0x94, 0xa7, 0x19, 0x3b, 0x09, 0x0e, 0x00, 0x0c, 0xec,
  0x24, 0xfd, 0x0c, 0xe6, 0x17, 0x00, 0x0b, 0xf1, 0x08, 0xfe, 0x0a, 0xfa,
  0xfb, 0xe9, 0xf6, 0x10, 0x81, 0xe1, 0x19, 0x00, 0xad, 0xac, 0x00, 0x96,
  0xa5, 0xef, 0xff, 0xf7, 0x0b, 0x06, 0xf8, 0xde, 0x2c, 0x06, 0x1a, 0x1a,
  0x09, 0x01, 0xff, 0x16, 0x12, 0x01, 0x0b, 0x05, 0x22, 0x00, 0x04, 0xfc,
  0xf7, 0x02, 0x16, 0xd8, 0x00, 0x04, 0xce, 0xff, 0xff, 0x0c, 0x04, 0xf1,
  0x00, 0x0a, 0xe6, 0xfd, 0x1a, 0x05, 0x12, 0x13, 0x0b, 0xe5, 0x06, 0x14,
  0x0a, 0xe1, 0x0f, 0xee, 0x0d, 0xe2, 0xde, 0xdb, 0xe2, 0xe6, 0x08, 0xf3,
  0xe7, 0xef, 0xec, 0xe5, 0xe1, 0x0b, 0x09, 0xc5, 0x07, 0x08, 0xf0, 0xcb,
  0x0b, 0x10, 0x18, 0x04, 0x19, 0xee, 0x1c, 0x18, 0xfa, 0xf1, 0x06, 0xc8,
  0x13, 0xf2, 0xf5, 0xea, 0xfa, 0xfe, 0x1b, 0xe3, 0x01, 0x01, 0xd6, 0xf7,
  0xfd, 0x11, 0x0e, 0xe1, 0x01, 0x09, 0xe8, 0xea, 0x08, 0x0b, 0x06, 0x11,
  0x02, 0xe9, 0x00, 0x20, 0x0c, 0xee, 0x11, 0xdc, 0xfe, 0xdb, 0xe3, 0xe5,
  0xfa, 0xfe, 0x14, 0xda, 0x02, 0x01, 0xcf, 0x01, 0x04, 0x06, 0xf5, 0xf4,
  0x0d, 0x00, 0xe6, 0x01, 0x19, 0x03, 0x0f, 0x0f, 0x03, 0xdf, 0x12, 0x0e,
  0xfe, 0xe1, 0xfd, 0xf2, 0xf5, 0xda, 0xdb, 0xd8, 0x8b, 0xcb, 0x07, 0xfc,
  0xaa, 0xae, 0xf2, 0x94, 0xa0, 0x13, 0x16, 0xe8, 0x07, 0x11, 0x0c, 0xd5,
  0x29, 0x1e, 0xff, 0x0f, 0xfb, 0x00, 0x0f, 0x1f, 0x13, 0xf2, 0x22, 0xf2,
  0xfd, 0x11, 0x0f, 0xf2, 0xb9, 0xc5, 0x18, 0xfc, 0xc3, 0xbb, 0x05, 0xa6,
  0xb2, 0x14, 0x00, 0xe7, 0x10, 0x09, 0xf6, 0xc5, 0x2b, 0x06, 0xff, 0x13,
  0x0b, 0xf1, 0x14, 0x1b, 0x14, 0xff, 0x18, 0xe3, 0x0b, 0x06, 0x10, 0xfa,
  0xac, 0xd0, 0x05, 0x02, 0xb7, 0xba, 0x05, 0xba, 0xb7, 0x1a, 0x15, 0xdf,
  0x0c, 0x09, 0x01, 0xbc, 0x14, 0x0a, 0x0c, 0x19, 0x10, 0x00, 0x18, 0x11,
  0x0e, 0xfa, 0x0f, 0xe0, 0x14, 0x0f, 0xef, 0x07, 0xec, 0xf3, 0x17, 0xe1,
  0xf8, 0xfd, 0xe1, 0xf1, 0xf2, 0xfa, 0x07, 0xcf, 0x13, 0x10, 0xec, 0xdd,
  0x1c, 0x02, 0x10, 0x0a, 0x10, 0xef, 0x0c, 0x1c, 0x0a, 0xeb, 0x0c, 0xd8,
  0xff, 0xe3, 0xe9, 0xe0, 0xf9, 0xfa, 0x0b, 0xea, 0xf9, 0xfc, 0xd3, 0xeb,
  0xf1, 0x04, 0x08, 0xd2, 0x05, 0x0f, 0xe9, 0xdd, 0x12, 0x06, 0x0b, 0x12,
  0x08, 0xe8, 0x0c, 0x0b, 0x13, 0xe9, 0x06, 0xd8, 0x0d, 0xe4, 0xe1, 0xe3,
  0x02, 0xf9, 0xfd, 0xfa, 0x0a, 0x0d, 0x00, 0xfc, 0xf7, 0x04, 0x01, 0xf5,
  0x02, 0x00, 0xf3, 0xf4, 0xff, 0x02, 0x01, 0xfe, 0xff, 0xf5, 0xff, 0xff,
  0xfe, 0xf0, 0x04, 0xf2, 0xff, 0xfd, 0xfd, 0x00, 0x8d, 0xdc, 0x27, 0x10,
  0xa3, 0x9b, 0x05, 0x8c, 0x92, 0x15, 0x08, 0xef, 0x0d, 0x13, 0xf1, 0xd8,
  0x15, 0x00, 0x17, 0x0f, 0x11, 0x02, 0x11, 0x10, 0x05, 0x12, 0x18, 0xfc,
  0x23, 0xff, 0xf5, 0xff, 0xba, 0xfd, 0xff, 0xff, 0x04, 0x00, 0x00, 0x00,
  0x40, 0x00, 0x00, 0x00, 0x85, 0x5e, 0x00, 0x00, 0xe0, 0x75, 0x00, 0x00,
  0xe8, 0x6e, 0x00, 0x00, 0x2d, 0x50, 0x00, 0x00, 0xb1, 0x4d, 0x00, 0x00,
  0x4c, 0x7a, 0x00, 0x00, 0x1c, 0x74, 0x00, 0x00, 0x8a, 0x77, 0x00, 0x00,
  0x9a, 0x7d, 0x00, 0x00, 0x05, 0x58, 0x00, 0x00, 0xe9, 0x55, 0x00, 0x00,
  0x45, 0x52, 0x00, 0x00, 0x0d, 0x7e, 0x00, 0x00, 0xcb, 0x82, 0x00, 0x00,
  0x2d, 0xe4, 0xff, 0xff, 0x47, 0x52, 0x00, 0x00, 0x06, 0xfe, 0xff, 0xff,
  0x04, 0x00, 0x00, 0x00, 0x10, 0x00, 0x00, 0x00, 0x76, 0x73, 0x72, 0x73,
  0x76, 0x7f, 0x75, 0x75, 0x72, 0x74, 0x7f, 0x7a, 0x73, 0x72, 0xc6, 0x75,
  0x22, 0xfe, 0xff, 0xff, 0x04, 0x00, 0x00, 0x00, 0x04, 0x00, 0x00, 0x00,
  0x06, 0x10, 0x00, 0x00, 0x32, 0xfe, 0xff, 0xff, 0x04, 0x00, 0x00, 0x00,
  0x08, 0x00, 0x00, 0x00, 0xff, 0xff, 0xff, 0xff, 0x40, 0x01, 0x00, 0x00,
  0x46, 0xfe, 0xff, 0xff, 0x04, 0x00, 0x00, 0x00, 0x0c, 0x00, 0x00, 0x00,
  0xff, 0xff, 0xff, 0xff, 0x0a, 0x00, 0x00, 0x00, 0x40, 0x00, 0x00, 0x00,
  0x5e, 0xfe, 0xff, 0xff, 0x04, 0x00, 0x00, 0x00, 0x0c, 0x00, 0x00, 0x00,
  0xff, 0xff, 0xff, 0xff, 0x0a, 0x00, 0x00, 0x00, 0x20, 0x00, 0x00, 0x00,
  0x76, 0xfe, 0xff, 0xff, 0x04, 0x00, 0x00, 0x00, 0x04, 0x00, 0x00, 0x00,
  0x02, 0x00, 0x00, 0x00, 0x86, 0xfe, 0xff, 0xff, 0x04, 0x00, 0x00, 0x00,
  0x0c, 0x00, 0x00, 0x00, 0xff, 0xff, 0xff, 0xff, 0x14, 0x00, 0x00, 0x00,
  0x20, 0x00, 0x00, 0x00, 0x9e, 0xfe, 0xff, 0xff, 0x04, 0x00, 0x00, 0x00,
  0x04, 0x00, 0x00, 0x00, 0xfd, 0xff, 0xff, 0xff, 0x70, 0xd9, 0xff, 0xff,
  0x74, 0xd9, 0xff, 0xff, 0x0f, 0x00, 0x00, 0x00, 0x4d, 0x4c, 0x49, 0x52,
  0x20, 0x43, 0x6f, 0x6e, 0x76, 0x65, 0x72, 0x74, 0x65, 0x64, 0x2e, 0x00,
  0x01, 0x00, 0x00, 0x00, 0x14, 0x00, 0x00, 0x00, 0x00, 0x00, 0x0e, 0x00,
  0x18, 0x00, 0x14, 0x00, 0x10, 0x00, 0x0c, 0x00, 0x08, 0x00, 0x04, 0x00,
  0x0e, 0x00, 0x00, 0x00, 0x14, 0x00, 0x00, 0x00, 0x1c, 0x00, 0x00, 0x00,
  0xec, 0x03, 0x00, 0x00, 0xf0, 0x03, 0x00, 0x00, 0xf4, 0x03, 0x00, 0x00,
  0x04, 0x00, 0x00, 0x00, 0x6d, 0x61, 0x69, 0x6e, 0x00, 0x00, 0x00, 0x00,
  0x11, 0x00, 0x00, 0x00, 0xa4, 0x03, 0x00, 0x00, 0x44, 0x03, 0x00, 0x00,
  0x0c, 0x03, 0x00, 0x00, 0xd0, 0x02, 0x00, 0x00, 0x7c, 0x02, 0x00, 0x00,
  0x54, 0x02, 0x00, 0x00, 0x24, 0x02, 0x00, 0x00, 0xe0, 0x01, 0x00, 0x00,
  0xb8, 0x01, 0x00, 0x00, 0x88, 0x01, 0x00, 0x00, 0x44, 0x01, 0x00, 0x00,
  0x1c, 0x01, 0x00, 0x00, 0xe4, 0x00, 0x00, 0x00, 0xa8, 0x00, 0x00, 0x00,
  0x70, 0x00, 0x00, 0x00, 0x3c, 0x00, 0x00, 0x00, 0x04, 0x00, 0x00, 0x00,
  0x0a, 0xfd, 0xff, 0xff, 0x14, 0x00, 0x00, 0x00, 0x00, 0x00, 0x00, 0x08,
  0x10, 0x00, 0x00, 0x00, 0x14, 0x00, 0x00, 0x00, 0x04, 0x00, 0x00, 0x00,
  0x28, 0xda, 0xff, 0xff, 0x01, 0x00, 0x00, 0x00, 0x21, 0x00, 0x00, 0x00,
  0x03, 0x00, 0x00, 0x00, 0x20, 0x00, 0x00, 0x00, 0x08, 0x00, 0x00, 0x00,
  0x07, 0x00, 0x00, 0x00, 0x3e, 0xfd, 0xff, 0xff, 0x14, 0x00, 0x00, 0x00,
  0x00, 0x00, 0x00, 0x4b, 0x14, 0x00, 0x00, 0x00, 0x18, 0x00, 0x00, 0x00,
  0x05, 0x00, 0x00, 0x00, 0x9a, 0xff, 0xff, 0xff, 0x0a, 0xd7, 0x23, 0x3c,
  0x01, 0x00, 0x00, 0x00, 0x20, 0x00, 0x00, 0x00, 0x01, 0x00, 0x00, 0x00,
  0x1f, 0x00, 0x00, 0x00, 0x6e, 0xfd, 0xff, 0xff, 0x14, 0x00, 0x00, 0x00,
  0x00, 0x00, 0x00, 0x08, 0x10, 0x00, 0x00, 0x00, 0x14, 0x00, 0x00, 0x00,
  0x04, 0x00, 0x00, 0x00, 0x8c, 0xda, 0xff, 0xff, 0x01, 0x00, 0x00, 0x00,
  0x1f, 0x00, 0x00, 0x00, 0x03, 0x00, 0x00, 0x00, 0x1e, 0x00, 0x00, 0x00,
  0x0a, 0x00, 0x00, 0x00, 0x09, 0x00, 0x00, 0x00, 0xa2, 0xfd, 0xff, 0xff,
  0x1c, 0x00, 0x00, 0x00, 0x00, 0x00, 0x00, 0x4b, 0x1c, 0x00, 0x00, 0x00,
  0x20, 0x00, 0x00, 0x00, 0x05, 0x00, 0x00, 0x00, 0x00, 0x00, 0x06, 0x00,
  0x08, 0x00, 0x04, 0x00, 0x06, 0x00, 0x00, 0x00, 0x0a, 0xd7, 0x23, 0x3c,
  0x01, 0x00, 0x00, 0x00, 0x1e, 0x00, 0x00, 0x00, 0x01, 0x00, 0x00, 0x00,
  0x1d, 0x00, 0x00, 0x00, 0xda, 0xfd, 0xff, 0xff, 0x14, 0x00, 0x00, 0x00,
  0x00, 0x00, 0x00, 0x08, 0x10, 0x00, 0x00, 0x00, 0x14, 0x00, 0x00, 0x00,
  0x04, 0x00, 0x00, 0x00, 0xf8, 0xda, 0xff, 0xff, 0x01, 0x00, 0x00, 0x00,
  0x1d, 0x00, 0x00, 0x00, 0x03, 0x00, 0x00, 0x00, 0x1c, 0x00, 0x00, 0x00,
  0x0c, 0x00, 0x00, 0x00, 0x0b, 0x00, 0x00, 0x00, 0x3e, 0xfe, 0xff, 0xff,
  0x0c, 0x00, 0x00, 0x00, 0x10, 0x00, 0x00, 0x00, 0x02, 0x00, 0x00, 0x00,
  0x01, 0x00, 0x00, 0x00, 0x1c, 0x00, 0x00, 0x00, 0x02, 0x00, 0x00, 0x00,
  0x1b, 0x00, 0x00, 0x00, 0x06, 0x00, 0x00, 0x00, 0x32, 0xfe, 0xff, 0xff,
  0x14, 0x00, 0x00, 0x00, 0x00, 0x00, 0x00, 0x05, 0x24, 0x00, 0x00, 0x00,
  0x28, 0x00, 0x00, 0x00, 0x03, 0x00, 0x00, 0x00, 0xde, 0xfe, 0xff, 0xff,
  0x02, 0x00, 0x00, 0x00, 0x01, 0x00, 0x00, 0x00, 0x02, 0x00, 0x00, 0x00,
  0x01, 0x00, 0x00, 0x00, 0x00, 0x00, 0x00, 0x01, 0x01, 0x00, 0x00, 0x00,
  0x1b, 0x00, 0x00, 0x00, 0x01, 0x00, 0x00, 0x00, 0x1a, 0x00, 0x00, 0x00,
  0x16, 0xfe, 0xff, 0xff, 0x10, 0x00, 0x00, 0x00, 0x00, 0x00, 0x00, 0x34,
  0x0c, 0x00, 0x00, 0x00, 0x10, 0x00, 0x00, 0x00, 0x8c, 0xdb, 0xff, 0xff,
  0x01, 0x00, 0x00, 0x00, 0x1a, 0x00, 0x00, 0x00, 0x02, 0x00, 0x00, 0x00,
  0x19, 0x00, 0x00, 0x00, 0x03, 0x00, 0x00, 0x00, 0xce, 0xfe, 0xff, 0xff,
  0x0c, 0x00, 0x00, 0x00, 0x10, 0x00, 0x00, 0x00, 0x02, 0x00, 0x00, 0x00,
  0x01, 0x00, 0x00, 0x00, 0x19, 0x00, 0x00, 0x00, 0x02, 0x00, 0x00, 0x00,
  0x18, 0x00, 0x00, 0x00, 0x05, 0x00, 0x00, 0x00, 0xc2, 0xfe, 0xff, 0xff,
  0x14, 0x00, 0x00, 0x00, 0x00, 0x00, 0x00, 0x01, 0x1c, 0x00, 0x00, 0x00,
  0x20, 0x00, 0x00, 0x00, 0x01, 0x00, 0x00, 0x00, 0xb4, 0xfe, 0xff, 0xff,
  0x00, 0x00, 0x00, 0x01, 0x01, 0x00, 0x00, 0x00, 0x01, 0x00, 0x00, 0x00,
  0x01, 0x00, 0x00, 0x00, 0x18, 0x00, 0x00, 0x00, 0x03, 0x00, 0x00, 0x00,
  0x17, 0x00, 0x00, 0x00, 0x0e, 0x00, 0x00, 0x00, 0x0d, 0x00, 0x00, 0x00,
  0xa6, 0xfe, 0xff, 0xff, 0x10, 0x00, 0x00, 0x00, 0x00, 0x00, 0x00, 0x34,
  0x0c, 0x00, 0x00, 0x00, 0x10, 0x00, 0x00, 0x00, 0x1c, 0xdc, 0xff, 0xff,
  0x01, 0x00, 0x00, 0x00, 0x17, 0x00, 0x00, 0x00, 0x02, 0x00, 0x00, 0x00,
  0x16, 0x00, 0x00, 0x00, 0x01, 0x00, 0x00, 0x00, 0x5e, 0xff, 0xff, 0xff,
  0x0c, 0x00, 0x00, 0x00, 0x10, 0x00, 0x00, 0x00, 0x02, 0x00, 0x00, 0x00,
  0x01, 0x00, 0x00, 0x00, 0x16, 0x00, 0x00, 0x00, 0x02, 0x00, 0x00, 0x00,
  0x15, 0x00, 0x00, 0x00, 0x04, 0x00, 0x00, 0x00, 0x52, 0xff, 0xff, 0xff,
  0x24, 0x00, 0x00, 0x00, 0x00, 0x00, 0x00, 0x05, 0x34, 0x00, 0x00, 0x00,
  0x38, 0x00, 0x00, 0x00, 0x03, 0x00, 0x00, 0x00, 0x00, 0x00, 0x0e, 0x00,
  0x18, 0x00, 0x17, 0x00, 0x10, 0x00, 0x0c, 0x00, 0x08, 0x00, 0x04, 0x00,
  0x0e, 0x00, 0x00, 0x00, 0x02, 0x00, 0x00, 0x00, 0x01, 0x00, 0x00, 0x00,
  0x02, 0x00, 0x00, 0x00, 0x01, 0x00, 0x00, 0x00, 0x00, 0x00, 0x00, 0x01,
  0x01, 0x00, 0x00, 0x00, 0x15, 0x00, 0x00, 0x00, 0x01, 0x00, 0x00, 0x00,
  0x14, 0x00, 0x00, 0x00, 0x46, 0xff, 0xff, 0xff, 0x10, 0x00, 0x00, 0x00,
  0x00, 0x00, 0x00, 0x34, 0x0c, 0x00, 0x00, 0x00, 0x10, 0x00, 0x00, 0x00,
  0xbc, 0xdc, 0xff, 0xff, 0x01, 0x00, 0x00, 0x00, 0x14, 0x00, 0x00, 0x00,
  0x02, 0x00, 0x00, 0x00, 0x13, 0x00, 0x00, 0x00, 0x03, 0x00, 0x00, 0x00,
  0x00, 0x00, 0x0a, 0x00, 0x10, 0x00, 0x0c, 0x00, 0x08, 0x00, 0x04, 0x00,
  0x0a, 0x00, 0x00, 0x00, 0x0c, 0x00, 0x00, 0x00, 0x10, 0x00, 0x00, 0x00,
  0x02, 0x00, 0x00, 0x00, 0x01, 0x00, 0x00, 0x00, 0x13, 0x00, 0x00, 0x00,
  0x02, 0x00, 0x00, 0x00, 0x12, 0x00, 0x00, 0x00, 0x02, 0x00, 0x00, 0x00,
  0x00, 0x00, 0x0e, 0x00, 0x18, 0x00, 0x14, 0x00, 0x10, 0x00, 0x0c, 0x00,
  0x0b, 0x00, 0x04, 0x00, 0x0e, 0x00, 0x00, 0x00, 0x20, 0x00, 0x00, 0x00,
  0x00, 0x00, 0x00, 0x01, 0x28, 0x00, 0x00, 0x00, 0x2c, 0x00, 0x00, 0x00,
  0x01, 0x00, 0x00, 0x00, 0x0c, 0x00, 0x10, 0x00, 0x00, 0x00, 0x0c, 0x00,
  0x08, 0x00, 0x07, 0x00, 0x0c, 0x00, 0x00, 0x00, 0x00, 0x00, 0x00, 0x01,
  0x01, 0x00, 0x00, 0x00, 0x01, 0x00, 0x00, 0x00, 0x01, 0x00, 0x00, 0x00,
  0x12, 0x00, 0x00, 0x00, 0x03, 0x00, 0x00, 0x00, 0x11, 0x00, 0x00, 0x00,
  0x10, 0x00, 0x00, 0x00, 0x0f, 0x00, 0x00, 0x00, 0x00, 0x00, 0x0e, 0x00,
  0x14, 0x00, 0x00, 0x00, 0x10, 0x00, 0x0c, 0x00, 0x0b, 0x00, 0x04, 0x00,
  0x0e, 0x00, 0x00, 0x00, 0x10, 0x00, 0x00, 0x00, 0x00, 0x00, 0x00, 0x34,
  0x0c, 0x00, 0x00, 0x00, 0x10, 0x00, 0x00, 0x00, 0x84, 0xdd, 0xff, 0xff,
  0x01, 0x00, 0x00, 0x00, 0x11, 0x00, 0x00, 0x00, 0x02, 0x00, 0x00, 0x00,
  0x00, 0x00, 0x00, 0x00, 0x01, 0x00, 0x00, 0x00, 0x01, 0x00, 0x00, 0x00,
  0x21, 0x00, 0x00, 0x00, 0x01, 0x00, 0x00, 0x00, 0x00, 0x00, 0x00, 0x00,
  0x22, 0x00, 0x00, 0x00, 0xa0, 0x22, 0x00, 0x00, 0x30, 0x22, 0x00, 0x00,
  0xc4, 0x21, 0x00, 0x00, 0x70, 0x21, 0x00, 0x00, 0x1c, 0x21, 0x00, 0x00,
  0xc8, 0x20, 0x00, 0x00, 0x7c, 0x20, 0x00, 0x00, 0x04, 0x20, 0x00, 0x00,
  0x98, 0x1f, 0x00, 0x00, 0x14, 0x1f, 0x00, 0x00, 0x90, 0x1e, 0x00, 0x00,
  0x0c, 0x1e, 0x00, 0x00, 0x88, 0x1d, 0x00, 0x00, 0xe4, 0x18, 0x00, 0x00,
  0xb0, 0x14, 0x00, 0x00, 0x9c, 0x11, 0x00, 0x00, 0xf0, 0x0e, 0x00, 0x00,
  0x5c, 0x0e, 0x00, 0x00, 0x98, 0x0c, 0x00, 0x00, 0xf8, 0x0a, 0x00, 0x00,
  0x60, 0x0a, 0x00, 0x00, 0xcc, 0x09, 0x00, 0x00, 0x3c, 0x09, 0x00, 0x00,
  0xa4, 0x08, 0x00, 0x00, 0xd0, 0x06, 0x00, 0x00, 0x20, 0x05, 0x00, 0x00,
  0x88, 0x04, 0x00, 0x00, 0xf4, 0x03, 0x00, 0x00, 0x78, 0x03, 0x00, 0x00,
  0x84, 0x02, 0x00, 0x00, 0x00, 0x02, 0x00, 0x00, 0x04, 0x01, 0x00, 0x00,
  0x80, 0x00, 0x00, 0x00, 0x04, 0x00, 0x00, 0x00, 0xfe, 0xdd, 0xff, 0xff,
  0x00, 0x00, 0x00, 0x01, 0x18, 0x00, 0x00, 0x00, 0x20, 0x00, 0x00, 0x00,
  0x3c, 0x00, 0x00, 0x00, 0x22, 0x00, 0x00, 0x00, 0x00, 0x00, 0x00, 0x09,
  0x50, 0x00, 0x00, 0x00, 0x02, 0x00, 0x00, 0x00, 0xff, 0xff, 0xff, 0xff,
  0x01, 0x00, 0x00, 0x00, 0xe4, 0xdd, 0xff, 0xff, 0x08, 0x00, 0x00, 0x00,
  0x10, 0x00, 0x00, 0x00, 0x01, 0x00, 0x00, 0x00, 0x80, 0xff, 0xff, 0xff,
  0xff, 0xff, 0xff, 0xff, 0x01, 0x00, 0x00, 0x00, 0xd0, 0x00, 0x00, 0x40,
  0x19, 0x00, 0x00, 0x00, 0x53, 0x74, 0x61, 0x74, 0x65, 0x66, 0x75, 0x6c,
  0x50, 0x61, 0x72, 0x74, 0x69, 0x74, 0x69, 0x6f, 0x6e, 0x65, 0x64, 0x43,
  0x61, 0x6c, 0x6c, 0x3a, 0x30, 0x00, 0x00, 0x00, 0x02, 0x00, 0x00, 0x00,
  0x01, 0x00, 0x00, 0x00, 0x01, 0x00, 0x00, 0x00, 0x76, 0xde, 0xff, 0xff,
  0x00, 0x00, 0x00, 0x01, 0x18, 0x00, 0x00, 0x00, 0x20, 0x00, 0x00, 0x00,
  0x3c, 0x00, 0x00, 0x00, 0x21, 0x00, 0x00, 0x00, 0x00, 0x00, 0x00, 0x09,
  0x58, 0x00, 0x00, 0x00, 0x02, 0x00, 0x00, 0x00, 0xff, 0xff, 0xff, 0xff,
  0x10, 0x00, 0x00, 0x00, 0x5c, 0xde, 0xff, 0xff, 0x08, 0x00, 0x00, 0x00,
  0x10, 0x00, 0x00, 0x00, 0x01, 0x00, 0x00, 0x00, 0x82, 0xff, 0xff, 0xff,
  0xff, 0xff, 0xff, 0xff, 0x01, 0x00, 0x00, 0x00, 0x1a, 0x97, 0x29, 0x3d,
  0x22, 0x00, 0x00, 0x00, 0x73, 0x65, 0x71, 0x75, 0x65, 0x6e, 0x74, 0x69,
  0x61, 0x6c, 0x2f, 0x6c, 0x65, 0x61, 0x6b, 0x79, 0x5f, 0x72, 0x65, 0x5f,
  0x6c, 0x75, 0x5f, 0x31, 0x2f, 0x4c, 0x65, 0x61, 0x6b, 0x79, 0x52, 0x65,
  0x6c, 0x75, 0x00, 0x00, 0x02, 0x00, 0x00, 0x00, 0x01, 0x00, 0x00, 0x00,
  0x10, 0x00, 0x00, 0x00, 0xf6, 0xde, 0xff, 0xff, 0x00, 0x00, 0x00, 0x01,
  0x18, 0x00, 0x00, 0x00, 0x20, 0x00, 0x00, 0x00, 0x40, 0x00, 0x00, 0x00,
  0x20, 0x00, 0x00, 0x00, 0x00, 0x00, 0x00, 0x09, 0xd0, 0x00, 0x00, 0x00,
  0x02, 0x00, 0x00, 0x00, 0xff, 0xff, 0xff, 0xff, 0x10, 0x00, 0x00, 0x00,
  0xdc, 0xde, 0xff, 0xff, 0x08, 0x00, 0x00, 0x00, 0x14, 0x00, 0x00, 0x00,
  0x01, 0x00, 0x00, 0x00, 0xf3, 0xff, 0xff, 0xff, 0xff, 0xff, 0xff, 0xff,
  0x00, 0x00, 0x00, 0x00, 0x01, 0x00, 0x00, 0x00, 0xb5, 0x2d, 0x99, 0x3d,
  0x96, 0x00, 0x00, 0x00, 0x73, 0x65, 0x71, 0x75, 0x65, 0x6e, 0x74, 0x69,
  0x61, 0x6c, 0x2f, 0x64, 0x65, 0x6e, 0x73, 0x65, 0x5f, 0x31, 0x2f, 0x4d,
  0x61, 0x74, 0x4d, 0x75, 0x6c, 0x3b, 0x73, 0x65, 0x71, 0x75, 0x65, 0x6e,
  0x74, 0x69, 0x61, 0x6c, 0x2f, 0x64, 0x65, 0x6e, 0x73, 0x65, 0x5f, 0x31,
  0x2f, 0x42, 0x69, 0x61, 0x73, 0x41, 0x64, 0x64, 0x3b, 0x73, 0x65, 0x71,
  0x75, 0x65, 0x6e, 0x74, 0x69, 0x61, 0x6c, 0x2f, 0x62, 0x61, 0x74, 0x63,
  0x68, 0x5f, 0x6e, 0x6f, 0x72, 0x6d, 0x61, 0x6c, 0x69, 0x7a, 0x61, 0x74,
  0x69, 0x6f, 0x6e, 0x5f, 0x33, 0x2f, 0x62, 0x61, 0x74, 0x63, 0x68, 0x6e,
  0x6f, 0x72, 0x6d, 0x2f, 0x6d, 0x75, 0x6c, 0x5f, 0x31, 0x3b, 0x73, 0x65,
  0x71, 0x75, 0x65, 0x6e, 0x74, 0x69, 0x61, 0x6c, 0x2f, 0x62, 0x61, 0x74,
  0x63, 0x68, 0x5f, 0x6e, 0x6f, 0x72, 0x6d, 0x61, 0x6c, 0x69, 0x7a, 0x61,
  0x74, 0x69, 0x6f, 0x6e, 0x5f, 0x33, 0x2f, 0x62, 0x61, 0x74, 0x63, 0x68,
  0x6e, 0x6f, 0x72, 0x6d, 0x2f, 0x61, 0x64, 0x64, 0x5f, 0x31, 0x00, 0x00,
  0x02, 0x00, 0x00, 0x00, 0x01, 0x00, 0x00, 0x00, 0x10, 0x00, 0x00, 0x00,
  0xee, 0xdf, 0xff, 0xff, 0x00, 0x00, 0x00, 0x01, 0x18, 0x00, 0x00, 0x00,
  0x20, 0x00, 0x00, 0x00, 0x3c, 0x00, 0x00, 0x00, 0x1f, 0x00, 0x00, 0x00,
  0x00, 0x00, 0x00, 0x09, 0x58, 0x00, 0x00, 0x00, 0x02, 0x00, 0x00, 0x00,
  0xff, 0xff, 0xff, 0xff, 0x20, 0x00, 0x00, 0x00, 0xd4, 0xdf, 0xff, 0xff,
  0x08, 0x00, 0x00, 0x00, 0x10, 0x00, 0x00, 0x00, 0x01, 0x00, 0x00, 0x00,
  0x84, 0xff, 0xff, 0xff, 0xff, 0xff, 0xff, 0xff, 0x01, 0x00, 0x00, 0x00,
  0xa9, 0x8a, 0xec, 0x3b, 0x20, 0x00, 0x00, 0x00, 0x73, 0x65, 0x71, 0x75,
  0x65, 0x6e, 0x74, 0x69, 0x61, 0x6c, 0x2f, 0x6c, 0x65, 0x61, 0x6b, 0x79,
  0x5f, 0x72, 0x65, 0x5f, 0x6c, 0x75, 0x2f, 0x4c, 0x65, 0x61, 0x6b, 0x79,
  0x52, 0x65, 0x6c, 0x75, 0x00, 0x00, 0x00, 0x00, 0x02, 0x00, 0x00, 0x00,
  0x01, 0x00, 0x00, 0x00, 0x20, 0x00, 0x00, 0x00, 0x6e, 0xe0, 0xff, 0xff,
  0x00, 0x00, 0x00, 0x01, 0x18, 0x00, 0x00, 0x00, 0x20, 0x00, 0x00, 0x00,
  0x3c, 0x00, 0x00, 0x00, 0x1e, 0x00, 0x00, 0x00, 0x00, 0x00, 0x00, 0x09,
  0xc8, 0x00, 0x00, 0x00, 0x02, 0x00, 0x00, 0x00, 0xff, 0xff, 0xff, 0xff,
  0x20, 0x00, 0x00, 0x00, 0x54, 0xe0, 0xff, 0xff, 0x08, 0x00, 0x00, 0x00,
  0x10, 0x00, 0x00, 0x00, 0x01, 0x00, 0x00, 0x00, 0x17, 0x00, 0x00, 0x00,
  0x00, 0x00, 0x00, 0x00, 0x01, 0x00, 0x00, 0x00, 0xae, 0x41, 0x8e, 0x3c,
  0x92, 0x00, 0x00, 0x00, 0x73, 0x65, 0x71, 0x75, 0x65, 0x6e, 0x74, 0x69,
  0x61, 0x6c, 0x2f, 0x64, 0x65, 0x6e, 0x73, 0x65, 0x2f, 0x4d, 0x61, 0x74,
  0x4d, 0x75, 0x6c, 0x3b, 0x73, 0x65, 0x71, 0x75, 0x65, 0x6e, 0x74, 0x69,
  0x61, 0x6c, 0x2f, 0x64, 0x65, 0x6e, 0x73, 0x65, 0x2f, 0x42, 0x69, 0x61,
  0x73, 0x41, 0x64, 0x64, 0x3b, 0x73, 0x65, 0x71, 0x75, 0x65, 0x6e, 0x74,
  0x69, 0x61, 0x6c, 0x2f, 0x62, 0x61, 0x74, 0x63, 0x68, 0x5f, 0x6e, 0x6f,
  0x72, 0x6d, 0x61, 0x6c, 0x69, 0x7a, 0x61, 0x74, 0x69, 0x6f, 0x6e, 0x5f,
  0x32, 0x2f, 0x62, 0x61, 0x74, 0x63, 0x68, 0x6e, 0x6f, 0x72, 0x6d, 0x2f,
  0x6d, 0x75, 0x6c, 0x5f, 0x31, 0x3b, 0x73, 0x65, 0x71, 0x75, 0x65, 0x6e,
  0x74, 0x69, 0x61, 0x6c, 0x2f, 0x62, 0x61, 0x74, 0x63, 0x68, 0x5f, 0x6e,
  0x6f, 0x72, 0x6d, 0x61, 0x6c, 0x69, 0x7a, 0x61, 0x74, 0x69, 0x6f, 0x6e,
  0x5f, 0x32, 0x2f, 0x62, 0x61, 0x74, 0x63, 0x68, 0x6e, 0x6f, 0x72, 0x6d,
  0x2f, 0x61, 0x64, 0x64, 0x5f, 0x31, 0x00, 0x00, 0x02, 0x00, 0x00, 0x00,
  0x01, 0x00, 0x00, 0x00, 0x20, 0x00, 0x00, 0x00, 0x5e, 0xe1, 0xff, 0xff,
  0x00, 0x00, 0x00, 0x01, 0x18, 0x00, 0x00, 0x00, 0x20, 0x00, 0x00, 0x00,
  0x3c, 0x00, 0x00, 0x00, 0x1d, 0x00, 0x00, 0x00, 0x00, 0x00, 0x00, 0x09,
  0x50, 0x00, 0x00, 0x00, 0x02, 0x00, 0x00, 0x00, 0xff, 0xff, 0xff, 0xff,
  0x40, 0x01, 0x00, 0x00, 0x44, 0xe1, 0xff, 0xff, 0x08, 0x00, 0x00, 0x00,
  0x10, 0x00, 0x00, 0x00, 0x01, 0x00, 0x00, 0x00, 0x80, 0xff, 0xff, 0xff,
  0xff, 0xff, 0xff, 0xff, 0x01, 0x00, 0x00, 0x00, 0x50, 0x73, 0xf1, 0x3c,
  0x1a, 0x00, 0x00, 0x00, 0x73, 0x65, 0x71, 0x75, 0x65, 0x6e, 0x74, 0x69,
  0x61, 0x6c, 0x2f, 0x66, 0x6c, 0x61, 0x74, 0x74, 0x65, 0x6e, 0x2f, 0x52,
  0x65, 0x73, 0x68, 0x61, 0x70, 0x65, 0x00, 0x00, 0x02, 0x00, 0x00, 0x00,
  0x01, 0x00, 0x00, 0x00, 0x40, 0x01, 0x00, 0x00, 0xd6, 0xe1, 0xff, 0xff,
  0x00, 0x00, 0x00, 0x01, 0x18, 0x00, 0x00, 0x00, 0x28, 0x00, 0x00, 0x00,
  0x44, 0x00, 0x00, 0x00, 0x1c, 0x00, 0x00, 0x00, 0x00, 0x00, 0x00, 0x09,
  0x60, 0x00, 0x00, 0x00, 0x04, 0x00, 0x00, 0x00, 0xff, 0xff, 0xff, 0xff,
  0x05, 0x00, 0x00, 0x00, 0x01, 0x00, 0x00, 0x00, 0x40, 0x00, 0x00, 0x00,
  0xc4, 0xe1, 0xff, 0xff, 0x08, 0x00, 0x00, 0x00, 0x10, 0x00, 0x00, 0x00,
  0x01, 0x00, 0x00, 0x00, 0x80, 0xff, 0xff, 0xff, 0xff, 0xff, 0xff, 0xff,
  0x01, 0x00, 0x00, 0x00, 0x50, 0x73, 0xf1, 0x3c, 0x22, 0x00, 0x00, 0x00,
  0x73, 0x65, 0x71, 0x75, 0x65, 0x6e, 0x74, 0x69, 0x61, 0x6c, 0x2f, 0x6d,
  0x61, 0x78, 0x5f, 0x70, 0x6f, 0x6f, 0x6c, 0x69, 0x6e, 0x67, 0x31, 0x64,
  0x5f, 0x31, 0x2f, 0x4d, 0x61, 0x78, 0x50, 0x6f, 0x6f, 0x6c, 0x00, 0x00,
  0x04, 0x00, 0x00, 0x00, 0x01, 0x00, 0x00, 0x00, 0x05, 0x00, 0x00, 0x00,
  0x01, 0x00, 0x00, 0x00, 0x40, 0x00, 0x00, 0x00, 0x66, 0xe2, 0xff, 0xff,
  0x00, 0x00, 0x00, 0x01, 0x18, 0x00, 0x00, 0x00, 0x28, 0x00, 0x00, 0x00,
  0x44, 0x00, 0x00, 0x00, 0x1b, 0x00, 0x00, 0x00, 0x00, 0x00, 0x00, 0x09,
  0x64, 0x00, 0x00, 0x00, 0x04, 0x00, 0x00, 0x00, 0xff, 0xff, 0xff, 0xff,
  0x0a, 0x00, 0x00, 0x00, 0x01, 0x00, 0x00, 0x00, 0x40, 0x00, 0x00, 0x00,
  0x54, 0xe2, 0xff, 0xff, 0x08, 0x00, 0x00, 0x00, 0x10, 0x00, 0x00, 0x00,
  0x01, 0x00, 0x00, 0x00, 0x80, 0xff, 0xff, 0xff, 0xff, 0xff, 0xff, 0xff,
  0x01, 0x00, 0x00, 0x00, 0x50, 0x73, 0xf1, 0x3c, 0x25, 0x00, 0x00, 0x00,
  0x73, 0x65, 0x71, 0x75, 0x65, 0x6e, 0x74, 0x69, 0x61, 0x6c, 0x2f, 0x6d,
  0x61, 0x78, 0x5f, 0x70, 0x6f, 0x6f, 0x6c, 0x69, 0x6e, 0x67, 0x31, 0x64,
  0x5f, 0x31, 0x2f, 0x45, 0x78, 0x70, 0x61, 0x6e, 0x64, 0x44, 0x69, 0x6d,
  0x73, 0x00, 0x00, 0x00, 0x04, 0x00, 0x00, 0x00, 0x01, 0x00, 0x00, 0x00,
  0x0a, 0x00, 0x00, 0x00, 0x01, 0x00, 0x00, 0x00, 0x40, 0x00, 0x00, 0x00,
  0xfa, 0xe2, 0xff, 0xff, 0x00, 0x00, 0x00, 0x01, 0x18, 0x00, 0x00, 0x00,
  0x24, 0x00, 0x00, 0x00, 0x40, 0x00, 0x00, 0x00, 0x1a, 0x00, 0x00, 0x00,
  0x00, 0x00, 0x00, 0x09, 0x80, 0x01, 0x00, 0x00, 0x03, 0x00, 0x00, 0x00,
  0xff, 0xff, 0xff, 0xff, 0x0a, 0x00, 0x00, 0x00, 0x40, 0x00, 0x00, 0x00,
  0xe4, 0xe2, 0xff, 0xff, 0x08, 0x00, 0x00, 0x00, 0x10, 0x00, 0x00, 0x00,
  0x01, 0x00, 0x00, 0x00, 0x80, 0xff, 0xff, 0xff, 0xff, 0xff, 0xff, 0xff,
  0x01, 0x00, 0x00, 0x00, 0x50, 0x73, 0xf1, 0x3c, 0x46, 0x01, 0x00, 0x00,
  0x73, 0x65, 0x71, 0x75, 0x65, 0x6e, 0x74, 0x69, 0x61, 0x6c, 0x2f, 0x61,
  0x63, 0x74, 0x69, 0x76, 0x61, 0x74, 0x69, 0x6f, 0x6e, 0x5f, 0x31, 0x2f,
  0x52, 0x65, 0x6c, 0x75, 0x3b, 0x73, 0x65, 0x71, 0x75, 0x65, 0x6e, 0x74,
  0x69, 0x61, 0x6c, 0x2f, 0x62, 0x61, 0x74, 0x63, 0x68, 0x5f, 0x6e, 0x6f,
  0x72, 0x6d, 0x61, 0x6c, 0x69, 0x7a, 0x61, 0x74, 0x69, 0x6f, 0x6e, 0x5f,
  0x31, 0x2f, 0x62, 0x61, 0x74, 0x63, 0x68, 0x6e, 0x6f, 0x72, 0x6d, 0x2f,
  0x61, 0x64, 0x64, 0x5f, 0x31, 0x3b, 0x73, 0x65, 0x71, 0x75, 0x65, 0x6e,
  0x74, 0x69, 0x61, 0x6c, 0x2f, 0x63, 0x6f, 0x6e, 0x76, 0x31, 0x64, 0x5f,
  0x31, 0x2f, 0x43, 0x6f, 0x6e, 0x76, 0x31, 0x44, 0x2f, 0x53, 0x71, 0x75,
  0x65, 0x65, 0x7a, 0x65, 0x3b, 0x73, 0x65, 0x71, 0x75, 0x65, 0x6e, 0x74,
  0x69, 0x61, 0x6c, 0x2f, 0x62, 0x61, 0x74, 0x63, 0x68, 0x5f, 0x6e, 0x6f,
  0x72, 0x6d, 0x61, 0x6c, 0x69, 0x7a, 0x61, 0x74, 0x69, 0x6f, 0x6e, 0x5f,
  0x31, 0x2f, 0x62, 0x61, 0x74, 0x63, 0x68, 0x6e, 0x6f, 0x72, 0x6d, 0x2f,
  0x6d, 0x75, 0x6c, 0x5f, 0x31, 0x3b, 0x73, 0x65, 0x71, 0x75, 0x65, 0x6e,
  0x74, 0x69, 0x61, 0x6c, 0x2f, 0x63, 0x6f, 0x6e, 0x76, 0x31, 0x64, 0x5f,
  0x31, 0x2f, 0x42, 0x69, 0x61, 0x73, 0x41, 0x64, 0x64, 0x3b, 0x73, 0x65,
  0x71, 0x75, 0x65, 0x6e, 0x74, 0x69, 0x61, 0x6c, 0x2f, 0x63, 0x6f, 0x6e,
  0x76, 0x31, 0x64, 0x5f, 0x31, 0x2f, 0x42, 0x69, 0x61, 0x73, 0x41, 0x64,
  0x64, 0x2f, 0x52, 0x65, 0x61, 0x64, 0x56, 0x61, 0x72, 0x69, 0x61, 0x62,
  0x6c, 0x65, 0x4f, 0x70, 0x3b, 0x73, 0x65, 0x71, 0x75, 0x65, 0x6e, 0x74,
  0x69, 0x61, 0x6c, 0x2f, 0x62, 0x61, 0x74, 0x63, 0x68, 0x5f, 0x6e, 0x6f,
  0x72, 0x6d, 0x61, 0x6c, 0x69, 0x7a, 0x61, 0x74, 0x69, 0x6f, 0x6e, 0x5f,
  0x31, 0x2f, 0x62, 0x61, 0x74, 0x63, 0x68, 0x6e, 0x6f, 0x72, 0x6d, 0x2f,
  0x6d, 0x75, 0x6c, 0x3b, 0x73, 0x65, 0x71, 0x75, 0x65, 0x6e, 0x74, 0x69,
  0x61, 0x6c, 0x2f, 0x62, 0x61, 0x74, 0x63, 0x68, 0x5f, 0x6e, 0x6f, 0x72,
  0x6d, 0x61, 0x6c, 0x69, 0x7a, 0x61, 0x74, 0x69, 0x6f, 0x6e, 0x5f, 0x31,
  0x2f, 0x62, 0x61, 0x74, 0x63, 0x68, 0x6e, 0x6f, 0x72, 0x6d, 0x2f, 0x73,
  0x75, 0x62, 0x00, 0x00, 0x03, 0x00, 0x00, 0x00, 0x01, 0x00, 0x00, 0x00,
  0x0a, 0x00, 0x00, 0x00, 0x40, 0x00, 0x00, 0x00, 0xa6, 0xe4, 0xff, 0xff,
  0x00, 0x00, 0x00, 0x01, 0x18, 0x00, 0x00, 0x00, 0x28, 0x00, 0x00, 0x00,
  0x44, 0x00, 0x00, 0x00, 0x19, 0x00, 0x00, 0x00, 0x00, 0x00, 0x00, 0x09,
  0xa0, 0x01, 0x00, 0x00, 0x04, 0x00, 0x00, 0x00, 0xff, 0xff, 0xff, 0xff,
  0x01, 0x00, 0x00, 0x00, 0x0a, 0x00, 0x00, 0x00, 0x40, 0x00, 0x00, 0x00,
  0x94, 0xe4, 0xff, 0xff, 0x08, 0x00, 0x00, 0x00, 0x10, 0x00, 0x00, 0x00,
  0x01, 0x00, 0x00, 0x00, 0x80, 0xff, 0xff, 0xff, 0xff, 0xff, 0xff, 0xff,
  0x01, 0x00, 0x00, 0x00, 0x50, 0x73, 0xf1, 0x3c, 0x62, 0x01, 0x00, 0x00,
  0x73, 0x65, 0x71, 0x75, 0x65, 0x6e, 0x74, 0x69, 0x61, 0x6c, 0x2f, 0x61,
  0x63, 0x74, 0x69, 0x76, 0x61, 0x74, 0x69, 0x6f, 0x6e, 0x5f, 0x31, 0x2f,
  0x52, 0x65, 0x6c, 0x75, 0x3b, 0x73, 0x65, 0x71, 0x75, 0x65, 0x6e, 0x74,
  0x69, 0x61, 0x6c, 0x2f, 0x62, 0x61, 0x74, 0x63, 0x68, 0x5f, 0x6e, 0x6f,
  0x72, 0x6d, 0x61, 0x6c, 0x69, 0x7a, 0x61, 0x74, 0x69, 0x6f, 0x6e, 0x5f,
  0x31, 0x2f, 0x62, 0x61, 0x74, 0x63, 0x68, 0x6e, 0x6f, 0x72, 0x6d, 0x2f,
  0x61, 0x64, 0x64, 0x5f, 0x31, 0x3b, 0x73, 0x65, 0x71, 0x75, 0x65, 0x6e,
  0x74, 0x69, 0x61, 0x6c, 0x2f, 0x63, 0x6f, 0x6e, 0x76, 0x31, 0x64, 0x5f,
  0x31, 0x2f, 0x43, 0x6f, 0x6e, 0x76, 0x31, 0x44, 0x2f, 0x53, 0x71, 0x75,
  0x65, 0x65, 0x7a, 0x65, 0x3b, 0x73, 0x65, 0x71, 0x75, 0x65, 0x6e, 0x74,
  0x69, 0x61, 0x6c, 0x2f, 0x62, 0x61, 0x74, 0x63, 0x68, 0x5f, 0x6e, 0x6f,
  0x72, 0x6d, 0x61, 0x6c, 0x69, 0x7a, 0x61, 0x74, 0x69, 0x6f, 0x6e, 0x5f,
  0x31, 0x2f, 0x62, 0x61, 0x74, 0x63, 0x68, 0x6e, 0x6f, 0x72, 0x6d, 0x2f,
  0x6d, 0x75, 0x6c, 0x5f, 0x31, 0x3b, 0x73, 0x65, 0x71, 0x75, 0x65, 0x6e,
  0x74, 0x69, 0x61, 0x6c, 0x2f, 0x63, 0x6f, 0x6e, 0x76, 0x31, 0x64, 0x5f,
  0x31, 0x2f, 0x42, 0x69, 0x61, 0x73, 0x41, 0x64, 0x64, 0x3b, 0x73, 0x65,
  0x71, 0x75, 0x65, 0x6e, 0x74, 0x69, 0x61, 0x6c, 0x2f, 0x63, 0x6f, 0x6e,
  0x76, 0x31, 0x64, 0x5f, 0x31, 0x2f, 0x42, 0x69, 0x61, 0x73, 0x41, 0x64,
  0x64, 0x2f, 0x52, 0x65, 0x61, 0x64, 0x56, 0x61, 0x72, 0x69, 0x61, 0x62,
  0x6c, 0x65, 0x4f, 0x70, 0x3b, 0x73, 0x65, 0x71, 0x75, 0x65, 0x6e, 0x74,
  0x69, 0x61, 0x6c, 0x2f, 0x62, 0x61, 0x74, 0x63, 0x68, 0x5f, 0x6e, 0x6f,
  0x72, 0x6d, 0x61, 0x6c, 0x69, 0x7a, 0x61, 0x74, 0x69, 0x6f, 0x6e, 0x5f,
  0x31, 0x2f, 0x62, 0x61, 0x74, 0x63, 0x68, 0x6e, 0x6f, 0x72, 0x6d, 0x2f,
  0x6d, 0x75, 0x6c, 0x3b, 0x73, 0x65, 0x71, 0x75, 0x65, 0x6e, 0x74, 0x69,
  0x61, 0x6c, 0x2f, 0x62, 0x61, 0x74, 0x63, 0x68, 0x5f, 0x6e, 0x6f, 0x72,
  0x6d, 0x61, 0x6c, 0x69, 0x7a, 0x61, 0x74, 0x69, 0x6f, 0x6e, 0x5f, 0x31,
  0x2f, 0x62, 0x61, 0x74, 0x63, 0x68, 0x6e, 0x6f, 0x72, 0x6d, 0x2f, 0x73,
  0x75, 0x62, 0x3b, 0x73, 0x65, 0x71, 0x75, 0x65, 0x6e, 0x74, 0x69, 0x61,
  0x6c, 0x2f, 0x63, 0x6f, 0x6e, 0x76, 0x31, 0x64, 0x5f, 0x31, 0x2f, 0x43,
  0x6f, 0x6e, 0x76, 0x31, 0x44, 0x31, 0x00, 0x00, 0x04, 0x00, 0x00, 0x00,
  0x01, 0x00, 0x00, 0x00, 0x01, 0x00, 0x00, 0x00, 0x0a, 0x00, 0x00, 0x00,
  0x40, 0x00, 0x00, 0x00, 0x76, 0xe6, 0xff, 0xff, 0x00, 0x00, 0x00, 0x01,
  0x18, 0x00, 0x00, 0x00, 0x28, 0x00, 0x00, 0x00, 0x44, 0x00, 0x00, 0x00,
  0x18, 0x00, 0x00, 0x00, 0x00, 0x00, 0x00, 0x09, 0x64, 0x00, 0x00, 0x00,
  0x04, 0x00, 0x00, 0x00, 0xff, 0xff, 0xff, 0xff, 0x01, 0x00, 0x00, 0x00,
  0x0a, 0x00, 0x00, 0x00, 0x20, 0x00, 0x00, 0x00, 0x64, 0xe6, 0xff, 0xff,
  0x08, 0x00, 0x00, 0x00, 0x10, 0x00, 0x00, 0x00, 0x01, 0x00, 0x00, 0x00,
  0x80, 0xff, 0xff, 0xff, 0xff, 0xff, 0xff, 0xff, 0x01, 0x00, 0x00, 0x00,
  0x52, 0xd4, 0xa2, 0x3c, 0x25, 0x00, 0x00, 0x00, 0x73, 0x65, 0x71, 0x75,
  0x65, 0x6e, 0x74, 0x69, 0x61, 0x6c, 0x2f, 0x63, 0x6f, 0x6e, 0x76, 0x31,
  0x64, 0x5f, 0x31, 0x2f, 0x43, 0x6f, 0x6e, 0x76, 0x31, 0x44, 0x2f, 0x45,
  0x78, 0x70, 0x61, 0x6e, 0x64, 0x44, 0x69, 0x6d, 0x73, 0x00, 0x00, 0x00,
  0x04, 0x00, 0x00, 0x00, 0x01, 0x00, 0x00, 0x00, 0x01, 0x00, 0x00, 0x00,
  0x0a, 0x00, 0x00, 0x00, 0x20, 0x00, 0x00, 0x00, 0x0a, 0xe7, 0xff, 0xff,
  0x00, 0x00, 0x00, 0x01, 0x18, 0x00, 0x00, 0x00, 0x24, 0x00, 0x00, 0x00,
  0x44, 0x00, 0x00, 0x00, 0x17, 0x00, 0x00, 0x00, 0x00, 0x00, 0x00, 0x09,
  0x60, 0x00, 0x00, 0x00, 0x03, 0x00, 0x00, 0x00, 0xff, 0xff, 0xff, 0xff,
  0x0a, 0x00, 0x00, 0x00, 0x20, 0x00, 0x00, 0x00, 0xf4, 0xe6, 0xff, 0xff,
  0x08, 0x00, 0x00, 0x00, 0x14, 0x00, 0x00, 0x00, 0x01, 0x00, 0x00, 0x00,
  0x80, 0xff, 0xff, 0xff, 0xff, 0xff, 0xff, 0xff, 0x00, 0x00, 0x00, 0x00,
  0x01, 0x00, 0x00, 0x00, 0x52, 0xd4, 0xa2, 0x3c, 0x21, 0x00, 0x00, 0x00,
  0x73, 0x65, 0x71, 0x75, 0x65, 0x6e, 0x74, 0x69, 0x61, 0x6c, 0x2f, 0x6d,
  0x61, 0x78, 0x5f, 0x70, 0x6f, 0x6f, 0x6c, 0x69, 0x6e, 0x67, 0x31, 0x64,
  0x2f, 0x53, 0x71, 0x75, 0x65, 0x65, 0x7a, 0x65, 0x31, 0x00, 0x00, 0x00,
  0x03, 0x00, 0x00, 0x00, 0x01, 0x00, 0x00, 0x00, 0x0a, 0x00, 0x00, 0x00,
  0x20, 0x00, 0x00, 0x00, 0x96, 0xe7, 0xff, 0xff, 0x00, 0x00, 0x00, 0x01,
  0x18, 0x00, 0x00, 0x00, 0x28, 0x00, 0x00, 0x00, 0x44, 0x00, 0x00, 0x00,
  0x16, 0x00, 0x00, 0x00, 0x00, 0x00, 0x00, 0x09, 0x60, 0x00, 0x00, 0x00,
  0x04, 0x00, 0x00, 0x00, 0xff, 0xff, 0xff, 0xff, 0x0a, 0x00, 0x00, 0x00,
  0x01, 0x00, 0x00, 0x00, 0x20, 0x00, 0x00, 0x00, 0x84, 0xe7, 0xff, 0xff,
  0x08, 0x00, 0x00, 0x00, 0x10, 0x00, 0x00, 0x00, 0x01, 0x00, 0x00, 0x00,
  0x80, 0xff, 0xff, 0xff, 0xff, 0xff, 0xff, 0xff, 0x01, 0x00, 0x00, 0x00,
  0x52, 0xd4, 0xa2, 0x3c, 0x20, 0x00, 0x00, 0x00, 0x73, 0x65, 0x71, 0x75,
  0x65, 0x6e, 0x74, 0x69, 0x61, 0x6c, 0x2f, 0x6d, 0x61, 0x78, 0x5f, 0x70,
  0x6f, 0x6f, 0x6c, 0x69, 0x6e, 0x67, 0x31, 0x64, 0x2f, 0x4d, 0x61, 0x78,
  0x50, 0x6f, 0x6f, 0x6c, 0x00, 0x00, 0x00, 0x00, 0x04, 0x00, 0x00, 0x00,
  0x01, 0x00, 0x00, 0x00, 0x0a, 0x00, 0x00, 0x00, 0x01, 0x00, 0x00, 0x00,
  0x20, 0x00, 0x00, 0x00, 0x26, 0xe8, 0xff, 0xff, 0x00, 0x00, 0x00, 0x01,
  0x18, 0x00, 0x00, 0x00, 0x28, 0x00, 0x00, 0x00, 0x48, 0x00, 0x00, 0x00,
  0x15, 0x00, 0x00, 0x00, 0x00, 0x00, 0x00, 0x09, 0x64, 0x00, 0x00, 0x00,
  0x04, 0x00, 0x00, 0x00, 0xff, 0xff, 0xff, 0xff, 0x14, 0x00, 0x00, 0x00,
  0x01, 0x00, 0x00, 0x00, 0x20, 0x00, 0x00, 0x00, 0x14, 0xe8, 0xff, 0xff,
  0x08, 0x00, 0x00, 0x00, 0x14, 0x00, 0x00, 0x00, 0x01, 0x00, 0x00, 0x00,
  0x80, 0xff, 0xff, 0xff, 0xff, 0xff, 0xff, 0xff, 0x00, 0x00, 0x00, 0x00,
  0x01, 0x00, 0x00, 0x00, 0x52, 0xd4, 0xa2, 0x3c, 0x23, 0x00, 0x00, 0x00,
  0x73, 0x65, 0x71, 0x75, 0x65, 0x6e, 0x74, 0x69, 0x61, 0x6c, 0x2f, 0x6d,
  0x61, 0x78, 0x5f, 0x70, 0x6f, 0x6f, 0x6c, 0x69, 0x6e, 0x67, 0x31, 0x64,
  0x2f, 0x45, 0x78, 0x70, 0x61, 0x6e, 0x64, 0x44, 0x69, 0x6d, 0x73, 0x00,
  0x04, 0x00, 0x00, 0x00, 0x01, 0x00, 0x00, 0x00, 0x14, 0x00, 0x00, 0x00,
  0x01, 0x00, 0x00, 0x00, 0x20, 0x00, 0x00, 0x00, 0xba, 0xe8, 0xff, 0xff,
  0x00, 0x00, 0x00, 0x01, 0x18, 0x00, 0x00, 0x00, 0x24, 0x00, 0x00, 0x00,
  0x40, 0x00, 0x00, 0x00, 0x14, 0x00, 0x00, 0x00, 0x00, 0x00, 0x00, 0x09,
  0x70, 0x01, 0x00, 0x00, 0x03, 0x00, 0x00, 0x00, 0xff, 0xff, 0xff, 0xff,
  0x14, 0x00, 0x00, 0x00, 0x20, 0x00, 0x00, 0x00, 0xa4, 0xe8, 0xff, 0xff,
  0x08, 0x00, 0x00, 0x00, 0x10, 0x00, 0x00, 0x00, 0x01, 0x00, 0x00, 0x00,
  0x80, 0xff, 0xff, 0xff, 0xff, 0xff, 0xff, 0xff, 0x01, 0x00, 0x00, 0x00,
  0x52, 0xd4, 0xa2, 0x3c, 0x36, 0x01, 0x00, 0x00, 0x73, 0x65, 0x71, 0x75,
  0x65, 0x6e, 0x74, 0x69, 0x61, 0x6c, 0x2f, 0x61, 0x63, 0x74, 0x69, 0x76,
  0x61, 0x74, 0x69, 0x6f, 0x6e, 0x2f, 0x52, 0x65, 0x6c, 0x75, 0x3b, 0x73,
  0x65, 0x71, 0x75, 0x65, 0x6e, 0x74, 0x69, 0x61, 0x6c, 0x2f, 0x62, 0x61,
  0x74, 0x63, 0x68, 0x5f, 0x6e, 0x6f, 0x72, 0x6d, 0x61, 0x6c, 0x69, 0x7a,
  0x61, 0x74, 0x69, 0x6f, 0x6e, 0x2f, 0x62, 0x61, 0x74, 0x63, 0x68, 0x6e,
  0x6f, 0x72, 0x6d, 0x2f, 0x61, 0x64, 0x64, 0x5f, 0x31, 0x3b, 0x73, 0x65,
  0x71, 0x75, 0x65, 0x6e, 0x74, 0x69, 0x61, 0x6c, 0x2f, 0x63, 0x6f, 0x6e,
  0x76, 0x31, 0x64, 0x2f, 0x43, 0x6f, 0x6e, 0x76, 0x31, 0x44, 0x2f, 0x53,
  0x71, 0x75, 0x65, 0x65, 0x7a, 0x65, 0x3b, 0x73, 0x65, 0x71, 0x75, 0x65,
  0x6e, 0x74, 0x69, 0x61, 0x6c, 0x2f, 0x62, 0x61, 0x74, 0x63, 0x68, 0x5f,
  0x6e, 0x6f, 0x72, 0x6d, 0x61, 0x6c, 0x69, 0x7a, 0x61, 0x74, 0x69, 0x6f,
  0x6e, 0x2f, 0x62, 0x61, 0x74, 0x63, 0x68, 0x6e, 0x6f, 0x72, 0x6d, 0x2f,
  0x6d, 0x75, 0x6c, 0x5f, 0x31, 0x3b, 0x73, 0x65, 0x71, 0x75, 0x65, 0x6e,
  0x74, 0x69, 0x61, 0x6c, 0x2f, 0x63, 0x6f, 0x6e, 0x76, 0x31, 0x64, 0x2f,
  0x42, 0x69, 0x61, 0x73, 0x41, 0x64, 0x64, 0x3b, 0x73, 0x65, 0x71, 0x75,
  0x65, 0x6e, 0x74, 0x69, 0x61, 0x6c, 0x2f, 0x63, 0x6f, 0x6e, 0x76, 0x31,
  0x64, 0x2f, 0x42, 0x69, 0x61, 0x73, 0x41, 0x64, 0x64, 0x2f, 0x52, 0x65,
  0x61, 0x64, 0x56, 0x61, 0x72, 0x69, 0x61, 0x62, 0x6c, 0x65, 0x4f, 0x70,
  0x3b, 0x73, 0x65, 0x71, 0x75, 0x65, 0x6e, 0x74, 0x69, 0x61, 0x6c, 0x2f,
  0x62, 0x61, 0x74, 0x63, 0x68, 0x5f, 0x6e, 0x6f, 0x72, 0x6d, 0x61, 0x6c,
  0x69, 0x7a, 0x61, 0x74, 0x69, 0x6f, 0x6e, 0x2f, 0x62, 0x61, 0x74, 0x63,
  0x68, 0x6e, 0x6f, 0x72, 0x6d, 0x2f, 0x6d, 0x75, 0x6c, 0x3b, 0x73, 0x65,
  0x71, 0x75, 0x65, 0x6e, 0x74, 0x69, 0x61, 0x6c, 0x2f, 0x62, 0x61, 0x74,
  0x63, 0x68, 0x5f, 0x6e, 0x6f, 0x72, 0x6d, 0x61, 0x6c, 0x69, 0x7a, 0x61,
  0x74, 0x69, 0x6f, 0x6e, 0x2f, 0x62, 0x61, 0x74, 0x63, 0x68, 0x6e, 0x6f,
  0x72, 0x6d, 0x2f, 0x73, 0x75, 0x62, 0x00, 0x00, 0x03, 0x00, 0x00, 0x00,
  0x01, 0x00, 0x00, 0x00, 0x14, 0x00, 0x00, 0x00, 0x20, 0x00, 0x00, 0x00,
  0x56, 0xea, 0xff, 0xff, 0x00, 0x00, 0x00, 0x01, 0x18, 0x00, 0x00, 0x00,
  0x28, 0x00, 0x00, 0x00, 0x44, 0x00, 0x00, 0x00, 0x13, 0x00, 0x00, 0x00,
  0x00, 0x00, 0x00, 0x09, 0x90, 0x01, 0x00, 0x00, 0x04, 0x00, 0x00, 0x00,
  0xff, 0xff, 0xff, 0xff, 0x01, 0x00, 0x00, 0x00, 0x14, 0x00, 0x00, 0x00,
  0x20, 0x00, 0x00, 0x00, 0x44, 0xea, 0xff, 0xff, 0x08, 0x00, 0x00, 0x00,
  0x10, 0x00, 0x00, 0x00, 0x01, 0x00, 0x00, 0x00, 0x80, 0xff, 0xff, 0xff,
  0xff, 0xff, 0xff, 0xff, 0x01, 0x00, 0x00, 0x00, 0x52, 0xd4, 0xa2, 0x3c,
  0x50, 0x01, 0x00, 0x00, 0x73, 0x65, 0x71, 0x75, 0x65, 0x6e, 0x74, 0x69,
  0x61, 0x6c, 0x2f, 0x61, 0x63, 0x74, 0x69, 0x76, 0x61, 0x74, 0x69, 0x6f,
  0x6e, 0x2f, 0x52, 0x65, 0x6c, 0x75, 0x3b, 0x73, 0x65, 0x71, 0x75, 0x65,
  0x6e, 0x74, 0x69, 0x61, 0x6c, 0x2f, 0x62, 0x61, 0x74, 0x63, 0x68, 0x5f,
  0x6e, 0x6f, 0x72, 0x6d, 0x61, 0x6c, 0x69, 0x7a, 0x61, 0x74, 0x69, 0x6f,
  0x6e, 0x2f, 0x62, 0x61, 0x74, 0x63, 0x68, 0x6e, 0x6f, 0x72, 0x6d, 0x2f,
  0x61, 0x64, 0x64, 0x5f, 0x31, 0x3b, 0x73, 0x65, 0x71, 0x75, 0x65, 0x6e,
  0x74, 0x69, 0x61, 0x6c, 0x2f, 0x63, 0x6f, 0x6e, 0x76, 0x31, 0x64, 0x2f,
  0x43, 0x6f, 0x6e, 0x76, 0x31, 0x44, 0x2f, 0x53, 0x71, 0x75, 0x65, 0x65,
  0x7a, 0x65, 0x3b, 0x73, 0x65, 0x71, 0x75, 0x65, 0x6e, 0x74, 0x69, 0x61,
  0x6c, 0x2f, 0x62, 0x61, 0x74, 0x63, 0x68, 0x5f, 0x6e, 0x6f, 0x72, 0x6d,
  0x61, 0x6c, 0x69, 0x7a, 0x61, 0x74, 0x69, 0x6f, 0x6e, 0x2f, 0x62, 0x61,
  0x74, 0x63, 0x68, 0x6e, 0x6f, 0x72, 0x6d, 0x2f, 0x6d, 0x75, 0x6c, 0x5f,
  0x31, 0x3b, 0x73, 0x65, 0x71, 0x75, 0x65, 0x6e, 0x74, 0x69, 0x61, 0x6c,
  0x2f, 0x63, 0x6f, 0x6e, 0x76, 0x31, 0x64, 0x2f, 0x42, 0x69, 0x61, 0x73,
  0x41, 0x64, 0x64, 0x3b, 0x73, 0x65, 0x71, 0x75, 0x65, 0x6e, 0x74, 0x69,
  0x61, 0x6c, 0x2f, 0x63, 0x6f, 0x6e, 0x76, 0x31, 0x64, 0x2f, 0x42, 0x69,
  0x61, 0x73, 0x41, 0x64, 0x64, 0x2f, 0x52, 0x65, 0x61, 0x64, 0x56, 0x61,
  0x72, 0x69, 0x61, 0x62, 0x6c, 0x65, 0x4f, 0x70, 0x3b, 0x73, 0x65, 0x71,
  0x75, 0x65, 0x6e, 0x74, 0x69, 0x61, 0x6c, 0x2f, 0x62, 0x61, 0x74, 0x63,
  0x68, 0x5f, 0x6e, 0x6f, 0x72, 0x6d, 0x61, 0x6c, 0x69, 0x7a, 0x61, 0x74,
  0x69, 0x6f, 0x6e, 0x2f, 0x62, 0x61, 0x74, 0x63, 0x68, 0x6e, 0x6f, 0x72,
  0x6d, 0x2f, 0x6d, 0x75, 0x6c, 0x3b, 0x73, 0x65, 0x71, 0x75, 0x65, 0x6e,
  0x74, 0x69, 0x61, 0x6c, 0x2f, 0x62, 0x61, 0x74, 0x63, 0x68, 0x5f, 0x6e,
  0x6f, 0x72, 0x6d, 0x61, 0x6c, 0x69, 0x7a, 0x61, 0x74, 0x69, 0x6f, 0x6e,
  0x2f, 0x62, 0x61, 0x74, 0x63, 0x68, 0x6e, 0x6f, 0x72, 0x6d, 0x2f, 0x73,
  0x75, 0x62, 0x3b, 0x73, 0x65, 0x71, 0x75, 0x65, 0x6e, 0x74, 0x69, 0x61,
  0x6c, 0x2f, 0x63, 0x6f, 0x6e, 0x76, 0x31, 0x64, 0x2f, 0x43, 0x6f, 0x6e,
  0x76, 0x31, 0x44, 0x31, 0x00, 0x00, 0x00, 0x00, 0x04, 0x00, 0x00, 0x00,
  0x01, 0x00, 0x00, 0x00, 0x01, 0x00, 0x00, 0x00, 0x14, 0x00, 0x00, 0x00,
  0x20, 0x00, 0x00, 0x00, 0x16, 0xec, 0xff, 0xff, 0x00, 0x00, 0x00, 0x01,
  0x18, 0x00, 0x00, 0x00, 0x28, 0x00, 0x00, 0x00, 0x44, 0x00, 0x00, 0x00,
  0x12, 0x00, 0x00, 0x00, 0x00, 0x00, 0x00, 0x09, 0x60, 0x00, 0x00, 0x00,
  0x04, 0x00, 0x00, 0x00, 0xff, 0xff, 0xff, 0xff, 0x01, 0x00, 0x00, 0x00,
  0x14, 0x00, 0x00, 0x00, 0x08, 0x00, 0x00, 0x00, 0x04, 0xec, 0xff, 0xff,
  0x08, 0x00, 0x00, 0x00, 0x10, 0x00, 0x00, 0x00, 0x01, 0x00, 0x00, 0x00,
  0x80, 0xff, 0xff, 0xff, 0xff, 0xff, 0xff, 0xff, 0x01, 0x00, 0x00, 0x00,
  0x81, 0x80, 0x80, 0x3b, 0x23, 0x00, 0x00, 0x00, 0x73, 0x65, 0x71, 0x75,
  0x65, 0x6e, 0x74, 0x69, 0x61, 0x6c, 0x2f, 0x63, 0x6f, 0x6e, 0x76, 0x31,
  0x64, 0x2f, 0x43, 0x6f, 0x6e, 0x76, 0x31, 0x44, 0x2f, 0x45, 0x78, 0x70,
  0x61, 0x6e, 0x64, 0x44, 0x69, 0x6d, 0x73, 0x00, 0x04, 0x00, 0x00, 0x00,
  0x01, 0x00, 0x00, 0x00, 0x01, 0x00, 0x00, 0x00, 0x14, 0x00, 0x00, 0x00,
  0x08, 0x00, 0x00, 0x00, 0x12, 0xed, 0xff, 0xff, 0x00, 0x00, 0x00, 0x01,
  0x14, 0x00, 0x00, 0x00, 0xa8, 0x01, 0x00, 0x00, 0x11, 0x00, 0x00, 0x00,
  0x00, 0x00, 0x00, 0x09, 0x7c, 0x02, 0x00, 0x00, 0x7c, 0xec, 0xff, 0xff,
  0x08, 0x00, 0x00, 0x00, 0x0c, 0x01, 0x00, 0x00, 0x20, 0x00, 0x00, 0x00,
  0x00, 0x00, 0x00, 0x00, 0x00, 0x00, 0x00, 0x00, 0x00, 0x00, 0x00, 0x00,
  0x00, 0x00, 0x00, 0x00, 0x00, 0x00, 0x00, 0x00, 0x00, 0x00, 0x00, 0x00,
  0x00, 0x00, 0x00, 0x00, 0x00, 0x00, 0x00, 0x00, 0x00, 0x00, 0x00, 0x00,
  0x00, 0x00, 0x00, 0x00, 0x00, 0x00, 0x00, 0x00, 0x00, 0x00, 0x00, 0x00,
  0x00, 0x00, 0x00, 0x00, 0x00, 0x00, 0x00, 0x00, 0x00, 0x00, 0x00, 0x00,
  0x00, 0x00, 0x00, 0x00, 0x00, 0x00, 0x00, 0x00, 0x00, 0x00, 0x00, 0x00,
  0x00, 0x00, 0x00, 0x00, 0x00, 0x00, 0x00, 0x00, 0x00, 0x00, 0x00, 0x00,
  0x00, 0x00, 0x00, 0x00, 0x00, 0x00, 0x00, 0x00, 0x00, 0x00, 0x00, 0x00,
  0x00, 0x00, 0x00, 0x00, 0x00, 0x00, 0x00, 0x00, 0x00, 0x00, 0x00, 0x00,
  0x00, 0x00, 0x00, 0x00, 0x00, 0x00, 0x00, 0x00, 0x00, 0x00, 0x00, 0x00,
  0x00, 0x00, 0x00, 0x00, 0x00, 0x00, 0x00, 0x00, 0x00, 0x00, 0x00, 0x00,
  0x00, 0x00, 0x00, 0x00, 0x00, 0x00, 0x00, 0x00, 0x00, 0x00, 0x00, 0x00,
  0x00, 0x00, 0x00, 0x00, 0x00, 0x00, 0x00, 0x00, 0x00, 0x00, 0x00, 0x00,
  0x00, 0x00, 0x00, 0x00, 0x00, 0x00, 0x00, 0x00, 0x00, 0x00, 0x00, 0x00,
  0x00, 0x00, 0x00, 0x00, 0x00, 0x00, 0x00, 0x00, 0x00, 0x00, 0x00, 0x00,
  0x00, 0x00, 0x00, 0x00, 0x00, 0x00, 0x00, 0x00, 0x00, 0x00, 0x00, 0x00,
  0x00, 0x00, 0x00, 0x00, 0x00, 0x00, 0x00, 0x00, 0x00, 0x00, 0x00, 0x00,
  0x00, 0x00, 0x00, 0x00, 0x00, 0x00, 0x00, 0x00, 0x00, 0x00, 0x00, 0x00,
  0x00, 0x00, 0x00, 0x00, 0x00, 0x00, 0x00, 0x00, 0x00, 0x00, 0x00, 0x00,
  0x00, 0x00, 0x00, 0x00, 0x00, 0x00, 0x00, 0x00, 0x00, 0x00, 0x00, 0x00,
  0x00, 0x00, 0x00, 0x00, 0x00, 0x00, 0x00, 0x00, 0x00, 0x00, 0x00, 0x00,
  0x00, 0x00, 0x00, 0x00, 0x00, 0x00, 0x00, 0x00, 0x20, 0x00, 0x00, 0x00,
  0xe1, 0x7f, 0xed, 0x3b, 0x42, 0xf0, 0x8d, 0x3c, 0xf9, 0x90, 0xf8, 0x3b,
  0x77, 0x86, 0xd8, 0x3b, 0x52, 0xa1, 0x85, 0x3b, 0xfc, 0x70, 0xdd, 0x3c,
  0x94, 0x7a, 0xfb, 0x3b, 0x36, 0x63, 0x5c, 0x3c, 0x2e, 0x1e, 0x9a, 0x3c,
  0xc7, 0xe2, 0xbe, 0x3c, 0x2c, 0x3d, 0x1d, 0x3c, 0xde, 0x7c, 0x52, 0x3c,
  0x37, 0xc9, 0xe8, 0x3c, 0xee, 0x33, 0xb7, 0x3b, 0x5a, 0xf8, 0x94, 0x3b,
  0xc8, 0x23, 0xe0, 0x3c, 0x9d, 0x62, 0xe0, 0x3c, 0xac, 0x39, 0x06, 0x3c,
  0xc8, 0xaf, 0x9f, 0x3b, 0xdf, 0xac, 0x87, 0x3c, 0xba, 0x51, 0xae, 0x3b,
  0x4d, 0x3c, 0x40, 0x3c, 0x26, 0xc1, 0xf5, 0x3b, 0x67, 0x7d, 0xeb, 0x3b,
  0x20, 0x9f, 0xd2, 0x3b, 0x73, 0xa2, 0xad, 0x3b, 0x63, 0xf6, 0xa6, 0x3b,
  0xc3, 0xfe, 0x67, 0x3c, 0x87, 0x18, 0xa3, 0x3c, 0x1b, 0xa7, 0xbe, 0x3b,
  0x51, 0xc4, 0x91, 0x3b, 0xac, 0xee, 0xa6, 0x3c, 0xd8, 0x00, 0x00, 0x00,
  0x73, 0x65, 0x71, 0x75, 0x65, 0x6e, 0x74, 0x69, 0x61, 0x6c, 0x2f, 0x62,
  0x61, 0x74, 0x63, 0x68, 0x5f, 0x6e, 0x6f, 0x72, 0x6d, 0x61, 0x6c, 0x69,
  0x7a, 0x61, 0x74, 0x69, 0x6f, 0x6e, 0x2f, 0x62, 0x61, 0x74, 0x63, 0x68,
  0x6e, 0x6f, 0x72, 0x6d, 0x2f, 0x6d, 0x75, 0x6c, 0x5f, 0x31, 0x3b, 0x73,
  0x65, 0x71, 0x75, 0x65, 0x6e, 0x74, 0x69, 0x61, 0x6c, 0x2f, 0x63, 0x6f,
  0x6e, 0x76, 0x31, 0x64, 0x2f, 0x43, 0x6f, 0x6e, 0x76, 0x31, 0x44, 0x2f,
  0x53, 0x71, 0x75, 0x65, 0x65, 0x7a, 0x65, 0x3b, 0x73, 0x65, 0x71, 0x75,
  0x65, 0x6e, 0x74, 0x69, 0x61, 0x6c, 0x2f, 0x63, 0x6f, 0x6e, 0x76, 0x31,
  0x64, 0x2f, 0x42, 0x69, 0x61, 0x73, 0x41, 0x64, 0x64, 0x3b, 0x73, 0x65,
  0x71, 0x75, 0x65, 0x6e, 0x74, 0x69, 0x61, 0x6c, 0x2f, 0x63, 0x6f, 0x6e,
  0x76, 0x31, 0x64, 0x2f, 0x42, 0x69, 0x61, 0x73, 0x41, 0x64, 0x64, 0x2f,
  0x52, 0x65, 0x61, 0x64, 0x56, 0x61, 0x72, 0x69, 0x61, 0x62, 0x6c, 0x65,
  0x4f, 0x70, 0x3b, 0x73, 0x65, 0x71, 0x75, 0x65, 0x6e, 0x74, 0x69, 0x61,
  0x6c, 0x2f, 0x62, 0x61, 0x74, 0x63, 0x68, 0x5f, 0x6e, 0x6f, 0x72, 0x6d,
  0x61, 0x6c, 0x69, 0x7a, 0x61, 0x74, 0x69, 0x6f, 0x6e, 0x2f, 0x62, 0x61,
  0x74, 0x63, 0x68, 0x6e, 0x6f, 0x72, 0x6d, 0x2f, 0x6d, 0x75, 0x6c, 0x3b,
  0x73, 0x65, 0x71, 0x75, 0x65, 0x6e, 0x74, 0x69, 0x61, 0x6c, 0x2f, 0x63,
  0x6f, 0x6e, 0x76, 0x31, 0x64, 0x2f, 0x43, 0x6f, 0x6e, 0x76, 0x31, 0x44,
  0x00, 0x00, 0x00, 0x00, 0x04, 0x00, 0x00, 0x00, 0x20, 0x00, 0x00, 0x00,
  0x01, 0x00, 0x00, 0x00, 0x04, 0x00, 0x00, 0x00, 0x08, 0x00, 0x00, 0x00,
  0xba, 0xef, 0xff, 0xff, 0x00, 0x00, 0x00, 0x01, 0x14, 0x00, 0x00, 0x00,
  0xa8, 0x01, 0x00, 0x00, 0x10, 0x00, 0x00, 0x00, 0x00, 0x00, 0x00, 0x02,
  0xf0, 0x02, 0x00, 0x00, 0x24, 0xef, 0xff, 0xff, 0x08, 0x00, 0x00, 0x00,
  0x0c, 0x01, 0x00, 0x00, 0x20, 0x00, 0x00, 0x00, 0x00, 0x00, 0x00, 0x00,
  0x00, 0x00, 0x00, 0x00, 0x00, 0x00, 0x00, 0x00, 0x00, 0x00, 0x00, 0x00,
  0x00, 0x00, 0x00, 0x00, 0x00, 0x00, 0x00, 0x00, 0x00, 0x00, 0x00, 0x00,
  0x00, 0x00, 0x00, 0x00, 0x00, 0x00, 0x00, 0x00, 0x00, 0x00, 0x00, 0x00,
  0x00, 0x00, 0x00, 0x00, 0x00, 0x00, 0x00, 0x00, 0x00, 0x00, 0x00, 0x00,
  0x00, 0x00, 0x00, 0x00, 0x00, 0x00, 0x00, 0x00, 0x00, 0x00, 0x00, 0x00,
  0x00, 0x00, 0x00, 0x00, 0x00, 0x00, 0x00, 0x00, 0x00, 0x00, 0x00, 0x00,
  0x00, 0x00, 0x00, 0x00, 0x00, 0x00, 0x00, 0x00, 0x00, 0x00, 0x00, 0x00,
  0x00, 0x00, 0x00, 0x00, 0x00, 0x00, 0x00, 0x00, 0x00, 0x00, 0x00, 0x00,
  0x00, 0x00, 0x00, 0x00, 0x00, 0x00, 0x00, 0x00, 0x00, 0x00, 0x00, 0x00,
  0x00, 0x00, 0x00, 0x00, 0x00, 0x00, 0x00, 0x00, 0x00, 0x00, 0x00, 0x00,
  0x00, 0x00, 0x00, 0x00, 0x00, 0x00, 0x00, 0x00, 0x00, 0x00, 0x00, 0x00,
  0x00, 0x00, 0x00, 0x00, 0x00, 0x00, 0x00, 0x00, 0x00, 0x00, 0x00, 0x00,
  0x00, 0x00, 0x00, 0x00, 0x00, 0x00, 0x00, 0x00, 0x00, 0x00, 0x00, 0x00,
  0x00, 0x00, 0x00, 0x00, 0x00, 0x00, 0x00, 0x00, 0x00, 0x00, 0x00, 0x00,
  0x00, 0x00, 0x00, 0x00, 0x00, 0x00, 0x00, 0x00, 0x00, 0x00, 0x00, 0x00,
  0x00, 0x00, 0x00, 0x00, 0x00, 0x00, 0x00, 0x00, 0x00, 0x00, 0x00, 0x00,
  0x00, 0x00, 0x00, 0x00, 0x00, 0x00, 0x00, 0x00, 0x00, 0x00, 0x00, 0x00,
  0x00, 0x00, 0x00, 0x00, 0x00, 0x00, 0x00, 0x00, 0x00, 0x00, 0x00, 0x00,
  0x00, 0x00, 0x00, 0x00, 0x00, 0x00, 0x00, 0x00, 0x00, 0x00, 0x00, 0x00,
  0x00, 0x00, 0x00, 0x00, 0x00, 0x00, 0x00, 0x00, 0x00, 0x00, 0x00, 0x00,
  0x00, 0x00, 0x00, 0x00, 0x00, 0x00, 0x00, 0x00, 0x00, 0x00, 0x00, 0x00,
  0x00, 0x00, 0x00, 0x00, 0x20, 0x00, 0x00, 0x00, 0x50, 0x6e, 0xee, 0x37,
  0xc1, 0x7e, 0x8e, 0x38, 0x84, 0x8a, 0xf9, 0x37, 0xd8, 0x5f, 0xd9, 0x37,
  0x7a, 0x27, 0x86, 0x37, 0x4c, 0x4f, 0xde, 0x38, 0x0c, 0x77, 0xfc, 0x37,
  0x77, 0x40, 0x5d, 0x38, 0xe8, 0xb8, 0x9a, 0x38, 0x6a, 0xa2, 0xbf, 0x38,
  0x08, 0xdb, 0x1d, 0x38, 0x2f, 0x50, 0x53, 0x38, 0xeb, 0xb2, 0xe9, 0x38,
  0xdb, 0xeb, 0xb7, 0x37, 0xe8, 0x8d, 0x95, 0x37, 0xce, 0x04, 0xe1, 0x38,
  0xe2, 0x43, 0xe1, 0x38, 0x6d, 0xc0, 0x06, 0x38, 0x19, 0x50, 0xa0, 0x37,
  0x15, 0x35, 0x88, 0x38, 0xbb, 0x00, 0xaf, 0x37, 0x4b, 0xfd, 0x40, 0x38,
  0xdf, 0xb7, 0xf6, 0x37, 0xd2, 0x69, 0xec, 0x37, 0x93, 0x72, 0xd3, 0x37,
  0xc4, 0x50, 0xae, 0x37, 0x02, 0x9e, 0xa7, 0x37, 0xac, 0xe7, 0x68, 0x38,
  0x44, 0xbc, 0xa3, 0x38, 0x82, 0x66, 0xbf, 0x37, 0xa8, 0x56, 0x92, 0x37,
  0x43, 0x96, 0xa7, 0x38, 0x4f, 0x01, 0x00, 0x00, 0x73, 0x65, 0x71, 0x75,
  0x65, 0x6e, 0x74, 0x69, 0x61, 0x6c, 0x2f, 0x61, 0x63, 0x74, 0x69, 0x76,
  0x61, 0x74, 0x69, 0x6f, 0x6e, 0x2f, 0x52, 0x65, 0x6c, 0x75, 0x3b, 0x73,
  0x65, 0x71, 0x75, 0x65, 0x6e, 0x74, 0x69, 0x61, 0x6c, 0x2f, 0x62, 0x61,
  0x74, 0x63, 0x68, 0x5f, 0x6e, 0x6f, 0x72, 0x6d, 0x61, 0x6c, 0x69, 0x7a,
  0x61, 0x74, 0x69, 0x6f, 0x6e, 0x2f, 0x62, 0x61, 0x74, 0x63, 0x68, 0x6e,
  0x6f, 0x72, 0x6d, 0x2f, 0x61, 0x64, 0x64, 0x5f, 0x31, 0x3b, 0x73, 0x65,
  0x71, 0x75, 0x65, 0x6e, 0x74, 0x69, 0x61, 0x6c, 0x2f, 0x63, 0x6f, 0x6e,
  0x76, 0x31, 0x64, 0x2f, 0x43, 0x6f, 0x6e, 0x76, 0x31, 0x44, 0x2f, 0x53,
  0x71, 0x75, 0x65, 0x65, 0x7a, 0x65, 0x3b, 0x73, 0x65, 0x71, 0x75, 0x65,
  0x6e, 0x74, 0x69, 0x61, 0x6c, 0x2f, 0x62, 0x61, 0x74, 0x63, 0x68, 0x5f,
  0x6e, 0x6f, 0x72, 0x6d, 0x61, 0x6c, 0x69, 0x7a, 0x61, 0x74, 0x69, 0x6f,
  0x6e, 0x2f, 0x62, 0x61, 0x74, 0x63, 0x68, 0x6e, 0x6f, 0x72, 0x6d, 0x2f,
  0x6d, 0x75, 0x6c, 0x5f, 0x31, 0x3b, 0x73, 0x65, 0x71, 0x75, 0x65, 0x6e,
  0x74, 0x69, 0x61, 0x6c, 0x2f, 0x63, 0x6f, 0x6e, 0x76, 0x31, 0x64, 0x2f,
  0x42, 0x69, 0x61, 0x73, 0x41, 0x64, 0x64, 0x3b, 0x73, 0x65, 0x71, 0x75,
  0x65, 0x6e, 0x74, 0x69, 0x61, 0x6c, 0x2f, 0x63, 0x6f, 0x6e, 0x76, 0x31,
  0x64, 0x2f, 0x42, 0x69, 0x61, 0x73, 0x41, 0x64, 0x64, 0x2f, 0x52, 0x65,
  0x61, 0x64, 0x56, 0x61, 0x72, 0x69, 0x61, 0x62, 0x6c, 0x65, 0x4f, 0x70,
  0x3b, 0x73, 0x65, 0x71, 0x75, 0x65, 0x6e, 0x74, 0x69, 0x61, 0x6c, 0x2f,
  0x62, 0x61, 0x74, 0x63, 0x68, 0x5f, 0x6e, 0x6f, 0x72, 0x6d, 0x61, 0x6c,
  0x69, 0x7a, 0x61, 0x74, 0x69, 0x6f, 0x6e, 0x2f, 0x62, 0x61, 0x74, 0x63,
  0x68, 0x6e, 0x6f, 0x72, 0x6d, 0x2f, 0x6d, 0x75, 0x6c, 0x3b, 0x73, 0x65,
  0x71, 0x75, 0x65, 0x6e, 0x74, 0x69, 0x61, 0x6c, 0x2f, 0x62, 0x61, 0x74,
  0x63, 0x68, 0x5f, 0x6e, 0x6f, 0x72, 0x6d, 0x61, 0x6c, 0x69, 0x7a, 0x61,
  0x74, 0x69, 0x6f, 0x6e, 0x2f, 0x62, 0x61, 0x74, 0x63, 0x68, 0x6e, 0x6f,
  0x72, 0x6d, 0x2f, 0x73, 0x75, 0x62, 0x3b, 0x73, 0x65, 0x71, 0x75, 0x65,
  0x6e, 0x74, 0x69, 0x61, 0x6c, 0x2f, 0x63, 0x6f, 0x6e, 0x76, 0x31, 0x64,
  0x2f, 0x43, 0x6f, 0x6e, 0x76, 0x31, 0x44, 0x00, 0x01, 0x00, 0x00, 0x00,
  0x20, 0x00, 0x00, 0x00, 0xca, 0xf2, 0xff, 0xff, 0x00, 0x00, 0x00, 0x01,
  0x14, 0x00, 0x00, 0x00, 0x24, 0x03, 0x00, 0x00, 0x0f, 0x00, 0x00, 0x00,
  0x00, 0x00, 0x00, 0x09, 0x04, 0x04, 0x00, 0x00, 0x34, 0xf2, 0xff, 0xff,
  0x08, 0x00, 0x00, 0x00, 0x08, 0x02, 0x00, 0x00, 0x40, 0x00, 0x00, 0x00,
  0x00, 0x00, 0x00, 0x00, 0x00, 0x00, 0x00, 0x00, 0x00, 0x00, 0x00, 0x00,
  0x00, 0x00, 0x00, 0x00, 0x00, 0x00, 0x00, 0x00, 0x00, 0x00, 0x00, 0x00,
  0x00, 0x00, 0x00, 0x00, 0x00, 0x00, 0x00, 0x00, 0x00, 0x00, 0x00, 0x00,
  0x00, 0x00, 0x00, 0x00, 0x00, 0x00, 0x00, 0x00, 0x00, 0x00, 0x00, 0x00,
  0x00, 0x00, 0x00, 0x00, 0x00, 0x00, 0x00, 0x00, 0x00, 0x00, 0x00, 0x00,
  0x00, 0x00, 0x00, 0x00, 0x00, 0x00, 0x00, 0x00, 0x00, 0x00, 0x00, 0x00,
  0x00, 0x00, 0x00, 0x00, 0x00, 0x00, 0x00, 0x00, 0x00, 0x00, 0x00, 0x00,
  0x00, 0x00, 0x00, 0x00, 0x00, 0x00, 0x00, 0x00, 0x00, 0x00, 0x00, 0x00,
  0x00, 0x00, 0x00, 0x00, 0x00, 0x00, 0x00, 0x00, 0x00, 0x00, 0x00, 0x00,
  0x00, 0x00, 0x00, 0x00, 0x00, 0x00, 0x00, 0x00, 0x00, 0x00, 0x00, 0x00,
  0x00, 0x00, 0x00, 0x00, 0x00, 0x00, 0x00, 0x00, 0x00, 0x00, 0x00, 0x00,
  0x00, 0x00, 0x00, 0x00, 0x00, 0x00, 0x00, 0x00, 0x00, 0x00, 0x00, 0x00,
  0x00, 0x00, 0x00, 0x00, 0x00, 0x00, 0x00, 0x00, 0x00, 0x00, 0x00, 0x00,
  0x00, 0x00, 0x00, 0x00, 0x00, 0x00, 0x00, 0x00, 0x00, 0x00, 0x00, 0x00,
  0x00, 0x00, 0x00, 0x00, 0x00, 0x00, 0x00, 0x00, 0x00, 0x00, 0x00, 0x00,
  0x00, 0x00, 0x00, 0x00, 0x00, 0x00, 0x00, 0x00, 0x00, 0x00, 0x00, 0x00,
  0x00, 0x00, 0x00, 0x00, 0x00, 0x00, 0x00, 0x00, 0x00, 0x00, 0x00, 0x00,
  0x00, 0x00, 0x00, 0x00, 0x00, 0x00, 0x00, 0x00, 0x00, 0x00, 0x00, 0x00,
  0x00, 0x00, 0x00, 0x00, 0x00, 0x00, 0x00, 0x00, 0x00, 0x00, 0x00, 0x00,
  0x00, 0x00, 0x00, 0x00, 0x00, 0x00, 0x00, 0x00, 0x00, 0x00, 0x00, 0x00,
  0x00, 0x00, 0x00, 0x00, 0x00, 0x00, 0x00, 0x00, 0x00, 0x00, 0x00, 0x00,
  0x00, 0x00, 0x00, 0x00, 0x00, 0x00, 0x00, 0x00, 0x00, 0x00, 0x00, 0x00,
  0x00, 0x00, 0x00, 0x00, 0x00, 0x00, 0x00, 0x00, 0x00, 0x00, 0x00, 0x00,
  0x00, 0x00, 0x00, 0x00, 0x00, 0x00, 0x00, 0x00, 0x00, 0x00, 0x00, 0x00,
  0x00, 0x00, 0x00, 0x00, 0x00, 0x00, 0x00, 0x00, 0x00, 0x00, 0x00, 0x00,
  0x00, 0x00, 0x00, 0x00, 0x00, 0x00, 0x00, 0x00, 0x00, 0x00, 0x00, 0x00,
  0x00, 0x00, 0x00, 0x00, 0x00, 0x00, 0x00, 0x00, 0x00, 0x00, 0x00, 0x00,
  0x00, 0x00, 0x00, 0x00, 0x00, 0x00, 0x00, 0x00, 0x00, 0x00, 0x00, 0x00,
  0x00, 0x00, 0x00, 0x00, 0x00, 0x00, 0x00, 0x00, 0x00, 0x00, 0x00, 0x00,
  0x00, 0x00, 0x00, 0x00, 0x00, 0x00, 0x00, 0x00, 0x00, 0x00, 0x00, 0x00,
  0x00, 0x00, 0x00, 0x00, 0x00, 0x00, 0x00, 0x00, 0x00, 0x00, 0x00, 0x00,
  0x00, 0x00, 0x00, 0x00, 0x00, 0x00, 0x00, 0x00, 0x00, 0x00, 0x00, 0x00,
  0x00, 0x00, 0x00, 0x00, 0x00, 0x00, 0x00, 0x00, 0x00, 0x00, 0x00, 0x00,
  0x00, 0x00, 0x00, 0x00, 0x00, 0x00, 0x00, 0x00, 0x00, 0x00, 0x00, 0x00,
  0x00, 0x00, 0x00, 0x00, 0x00, 0x00, 0x00, 0x00, 0x00, 0x00, 0x00, 0x00,
  0x00, 0x00, 0x00, 0x00, 0x00, 0x00, 0x00, 0x00, 0x00, 0x00, 0x00, 0x00,
  0x00, 0x00, 0x00, 0x00, 0x00, 0x00, 0x00, 0x00, 0x00, 0x00, 0x00, 0x00,
  0x00, 0x00, 0x00, 0x00, 0x00, 0x00, 0x00, 0x00, 0x00, 0x00, 0x00, 0x00,
  0x00, 0x00, 0x00, 0x00, 0x00, 0x00, 0x00, 0x00, 0x00, 0x00, 0x00, 0x00,
  0x00, 0x00, 0x00, 0x00, 0x00, 0x00, 0x00, 0x00, 0x00, 0x00, 0x00, 0x00,
  0x00, 0x00, 0x00, 0x00, 0x00, 0x00, 0x00, 0x00, 0x00, 0x00, 0x00, 0x00,
  0x00, 0x00, 0x00, 0x00, 0x00, 0x00, 0x00, 0x00, 0x00, 0x00, 0x00, 0x00,
  0x00, 0x00, 0x00, 0x00, 0x00, 0x00, 0x00, 0x00, 0x40, 0x00, 0x00, 0x00,
  0xd7, 0x18, 0xe8, 0x3a, 0xaa, 0xdb, 0x15, 0x3b, 0x89, 0x86, 0x8e, 0x3b,
  0xe7, 0x59, 0x1c, 0x3b, 0x3c, 0xca, 0xa6, 0x3a, 0xb0, 0x56, 0x0f, 0x3b,
  0xc8, 0x3e, 0x48, 0x3b, 0xf1, 0x66, 0x8a, 0x3a, 0x15, 0x64, 0x6d, 0x3b,
  0x0b, 0xae, 0xc3, 0x3a, 0x1e, 0xcc, 0xcc, 0x3a, 0x47, 0x76, 0x2a, 0x3b,
  0x93, 0xd2, 0x01, 0x3b, 0x27, 0xb5, 0x8a, 0x3b, 0x78, 0x58, 0x92, 0x3a,
  0x1f, 0x7d, 0x00, 0x3b, 0x4e, 0x7c, 0xa5, 0x3a, 0x97, 0xf7, 0x91, 0x3a,
  0x64, 0xb5, 0xb9, 0x3a, 0x62, 0x2b, 0x8d, 0x3b, 0x4b, 0x13, 0x5e, 0x3a,
  0xef, 0x48, 0x91, 0x3b, 0xa3, 0x6a, 0x8f, 0x3a, 0x0c, 0x8d, 0x42, 0x3b,
  0xe6, 0x8f, 0x25, 0x3b, 0x83, 0x11, 0xa0, 0x3b, 0x53, 0x16, 0x05, 0x3b,
  0x7c, 0x3b, 0x1f, 0x3b, 0x29, 0xeb, 0x17, 0x3b, 0x8f, 0x4c, 0x03, 0x3b,
  0x24, 0x7c, 0x89, 0x3a, 0xe1, 0x3e, 0x89, 0x3b, 0x11, 0x21, 0x83, 0x3b,
  0xe5, 0x27, 0xab, 0x3a, 0xca, 0x25, 0x8d, 0x3a, 0x2e, 0xbd, 0x5c, 0x3a,
  0xf4, 0x02, 0x47, 0x3b, 0xea, 0x7a, 0x85, 0x3b, 0x4a, 0xba, 0x0b, 0x3b,
  0xc9, 0xeb, 0x83, 0x3a, 0x27, 0xb9, 0x79, 0x3b, 0x7a, 0xbf, 0x98, 0x3a,
  0xb9, 0x94, 0xbe, 0x3a, 0x9e, 0x3e, 0x88, 0x3a, 0x08, 0xef, 0xd7, 0x3a,
  0xbf, 0x7b, 0xa7, 0x3a, 0x95, 0xcd, 0x9e, 0x3a, 0xa7, 0x52, 0x69, 0x3b,
  0xc4, 0xc1, 0x80, 0x3b, 0xa5, 0xae, 0xff, 0x3a, 0xfa, 0x67, 0x9c, 0x3a,
  0x50, 0xef, 0xb4, 0x3a, 0x56, 0xcd, 0x85, 0x3b, 0x65, 0xfb, 0x2e, 0x3b,
  0xe2, 0x09, 0x9f, 0x3a, 0x8a, 0xb7, 0x23, 0x3b, 0x62, 0xba, 0xa2, 0x3a,
  0x41, 0xd7, 0xbe, 0x3a, 0xfe, 0x1b, 0x9e, 0x3a, 0x84, 0x90, 0x01, 0x3b,
  0xfc, 0xb2, 0x08, 0x3b, 0x50, 0x96, 0x55, 0x3b, 0x36, 0xb4, 0x92, 0x3a,
  0x14, 0x4d, 0x95, 0x3a, 0xe4, 0x00, 0x00, 0x00, 0x73, 0x65, 0x71, 0x75,
  0x65, 0x6e, 0x74, 0x69, 0x61, 0x6c, 0x2f, 0x62, 0x61, 0x74, 0x63, 0x68,
  0x5f, 0x6e, 0x6f, 0x72, 0x6d, 0x61, 0x6c, 0x69, 0x7a, 0x61, 0x74, 0x69,
  0x6f, 0x6e, 0x5f, 0x31, 0x2f, 0x62, 0x61, 0x74, 0x63, 0x68, 0x6e, 0x6f,
  0x72, 0x6d, 0x2f, 0x6d, 0x75, 0x6c, 0x5f, 0x31, 0x3b, 0x73, 0x65, 0x71,
  0x75, 0x65, 0x6e, 0x74, 0x69, 0x61, 0x6c, 0x2f, 0x63, 0x6f, 0x6e, 0x76,
  0x31, 0x64, 0x5f, 0x31, 0x2f, 0x43, 0x6f, 0x6e, 0x76, 0x31, 0x44, 0x2f,
  0x53, 0x71, 0x75, 0x65, 0x65, 0x7a, 0x65, 0x3b, 0x73, 0x65, 0x71, 0x75,
  0x65, 0x6e, 0x74, 0x69, 0x61, 0x6c, 0x2f, 0x63, 0x6f, 0x6e, 0x76, 0x31,
  0x64, 0x5f, 0x31, 0x2f, 0x42, 0x69, 0x61, 0x73, 0x41, 0x64, 0x64, 0x3b,
  0x73, 0x65, 0x71, 0x75, 0x65, 0x6e, 0x74, 0x69, 0x61, 0x6c, 0x2f, 0x63,
  0x6f, 0x6e, 0x76, 0x31, 0x64, 0x5f, 0x31, 0x2f, 0x42, 0x69, 0x61, 0x73,
  0x41, 0x64, 0x64, 0x2f, 0x52, 0x65, 0x61, 0x64, 0x56, 0x61, 0x72, 0x69,
  0x61, 0x62, 0x6c, 0x65, 0x4f, 0x70, 0x3b, 0x73, 0x65, 0x71, 0x75, 0x65,
  0x6e, 0x74, 0x69, 0x61, 0x6c, 0x2f, 0x62, 0x61, 0x74, 0x63, 0x68, 0x5f,
  0x6e, 0x6f, 0x72, 0x6d, 0x61, 0x6c, 0x69, 0x7a, 0x61, 0x74, 0x69, 0x6f,
  0x6e, 0x5f, 0x31, 0x2f, 0x62, 0x61, 0x74, 0x63, 0x68, 0x6e, 0x6f, 0x72,
  0x6d, 0x2f, 0x6d, 0x75, 0x6c, 0x3b, 0x73, 0x65, 0x71, 0x75, 0x65, 0x6e,
  0x74, 0x69, 0x61, 0x6c, 0x2f, 0x63, 0x6f, 0x6e, 0x76, 0x31, 0x64, 0x5f,
  0x31, 0x2f, 0x43, 0x6f, 0x6e, 0x76, 0x31, 0x44, 0x00, 0x00, 0x00, 0x00,
  0x04, 0x00, 0x00, 0x00, 0x40, 0x00, 0x00, 0x00, 0x01, 0x00, 0x00, 0x00,
  0x02, 0x00, 0x00, 0x00, 0x20, 0x00, 0x00, 0x00, 0xfa, 0xf6, 0xff, 0xff,
  0x00, 0x00, 0x00, 0x01, 0x14, 0x00, 0x00, 0x00, 0x24, 0x03, 0x00, 0x00,
  0x0e, 0x00, 0x00, 0x00, 0x00, 0x00, 0x00, 0x02, 0x80, 0x04, 0x00, 0x00,
  0x64, 0xf6, 0xff, 0xff, 0x08, 0x00, 0x00, 0x00, 0x08, 0x02, 0x00, 0x00,
  0x40, 0x00, 0x00, 0x00, 0x00, 0x00, 0x00, 0x00, 0x00, 0x00, 0x00, 0x00,
  0x00, 0x00, 0x00, 0x00, 0x00, 0x00, 0x00, 0x00, 0x00, 0x00, 0x00, 0x00,
  0x00, 0x00, 0x00, 0x00, 0x00, 0x00, 0x00, 0x00, 0x00, 0x00, 0x00, 0x00,
  0x00, 0x00, 0x00, 0x00, 0x00, 0x00, 0x00, 0x00, 0x00, 0x00, 0x00, 0x00,
  0x00, 0x00, 0x00, 0x00, 0x00, 0x00, 0x00, 0x00, 0x00, 0x00, 0x00, 0x00,
  0x00, 0x00, 0x00, 0x00, 0x00, 0x00, 0x00, 0x00, 0x00, 0x00, 0x00, 0x00,
  0x00, 0x00, 0x00, 0x00, 0x00, 0x00, 0x00, 0x00, 0x00, 0x00, 0x00, 0x00,
  0x00, 0x00, 0x00, 0x00, 0x00, 0x00, 0x00, 0x00, 0x00, 0x00, 0x00, 0x00,
  0x00, 0x00, 0x00, 0x00, 0x00, 0x00, 0x00, 0x00, 0x00, 0x00, 0x00, 0x00,
  0x00, 0x00, 0x00, 0x00, 0x00, 0x00, 0x00, 0x00, 0x00, 0x00, 0x00, 0x00,
  0x00, 0x00, 0x00, 0x00, 0x00, 0x00, 0x00, 0x00, 0x00, 0x00, 0x00, 0x00,
  0x00, 0x00, 0x00, 0x00, 0x00, 0x00, 0x00, 0x00, 0x00, 0x00, 0x00, 0x00,
  0x00, 0x00, 0x00, 0x00, 0x00, 0x00, 0x00, 0x00, 0x00, 0x00, 0x00, 0x00,
  0x00, 0x00, 0x00, 0x00, 0x00, 0x00, 0x00, 0x00, 0x00, 0x00, 0x00, 0x00,
  0x00, 0x00, 0x00, 0x00, 0x00, 0x00, 0x00, 0x00, 0x00, 0x00, 0x00, 0x00,
  0x00, 0x00, 0x00, 0x00, 0x00, 0x00, 0x00, 0x00, 0x00, 0x00, 0x00, 0x00,
  0x00, 0x00, 0x00, 0x00, 0x00, 0x00, 0x00, 0x00, 0x00, 0x00, 0x00, 0x00,
  0x00, 0x00, 0x00, 0x00, 0x00, 0x00, 0x00, 0x00, 0x00, 0x00, 0x00, 0x00,
  0x00, 0x00, 0x00, 0x00, 0x00, 0x00, 0x00, 0x00, 0x00, 0x00, 0x00, 0x00,
  0x00, 0x00, 0x00, 0x00, 0x00, 0x00, 0x00, 0x00, 0x00, 0x00, 0x00, 0x00,
  0x00, 0x00, 0x00, 0x00, 0x00, 0x00, 0x00, 0x00, 0x00, 0x00, 0x00, 0x00,
  0x00, 0x00, 0x00, 0x00, 0x00, 0x00, 0x00, 0x00, 0x00, 0x00, 0x00, 0x00,
  0x00, 0x00, 0x00, 0x00, 0x00, 0x00, 0x00, 0x00, 0x00, 0x00, 0x00, 0x00,
  0x00, 0x00, 0x00, 0x00, 0x00, 0x00, 0x00, 0x00, 0x00, 0x00, 0x00, 0x00,
  0x00, 0x00, 0x00, 0x00, 0x00, 0x00, 0x00, 0x00, 0x00, 0x00, 0x00, 0x00,
  0x00, 0x00, 0x00, 0x00, 0x00, 0x00, 0x00, 0x00, 0x00, 0x00, 0x00, 0x00,
  0x00, 0x00, 0x00, 0x00, 0x00, 0x00, 0x00, 0x00, 0x00, 0x00, 0x00, 0x00,
  0x00, 0x00, 0x00, 0x00, 0x00, 0x00, 0x00, 0x00, 0x00, 0x00, 0x00, 0x00,
  0x00, 0x00, 0x00, 0x00, 0x00, 0x00, 0x00, 0x00, 0x00, 0x00, 0x00, 0x00,
  0x00, 0x00, 0x00, 0x00, 0x00, 0x00, 0x00, 0x00, 0x00, 0x00, 0x00, 0x00,
  0x00, 0x00, 0x00, 0x00, 0x00, 0x00, 0x00, 0x00, 0x00, 0x00, 0x00, 0x00,
  0x00, 0x00, 0x00, 0x00, 0x00, 0x00, 0x00, 0x00, 0x00, 0x00, 0x00, 0x00,
  0x00, 0x00, 0x00, 0x00, 0x00, 0x00, 0x00, 0x00, 0x00, 0x00, 0x00, 0x00,
  0x00, 0x00, 0x00, 0x00, 0x00, 0x00, 0x00, 0x00, 0x00, 0x00, 0x00, 0x00,
  0x00, 0x00, 0x00, 0x00, 0x00, 0x00, 0x00, 0x00, 0x00, 0x00, 0x00, 0x00,
  0x00, 0x00, 0x00, 0x00, 0x00, 0x00, 0x00, 0x00, 0x00, 0x00, 0x00, 0x00,
  0x00, 0x00, 0x00, 0x00, 0x00, 0x00, 0x00, 0x00, 0x00, 0x00, 0x00, 0x00,
  0x00, 0x00, 0x00, 0x00, 0x00, 0x00, 0x00, 0x00, 0x00, 0x00, 0x00, 0x00,
  0x00, 0x00, 0x00, 0x00, 0x00, 0x00, 0x00, 0x00, 0x00, 0x00, 0x00, 0x00,
  0x00, 0x00, 0x00, 0x00, 0x00, 0x00, 0x00, 0x00, 0x00, 0x00, 0x00, 0x00,
  0x00, 0x00, 0x00, 0x00, 0x00, 0x00, 0x00, 0x00, 0x00, 0x00, 0x00, 0x00,
  0x00, 0x00, 0x00, 0x00, 0x00, 0x00, 0x00, 0x00, 0x00, 0x00, 0x00, 0x00,
  0x00, 0x00, 0x00, 0x00, 0x00, 0x00, 0x00, 0x00, 0x00, 0x00, 0x00, 0x00,
  0x40, 0x00, 0x00, 0x00, 0x37, 0xa0, 0x13, 0x38, 0x97, 0xa2, 0x3e, 0x38,
  0xb0, 0x4e, 0xb5, 0x38, 0x21, 0xe5, 0x46, 0x38, 0x9e, 0x2c, 0xd4, 0x37,
  0x7a, 0x57, 0x36, 0x38, 0x9d, 0xbb, 0x7e, 0x38, 0xdc, 0x0f, 0xb0, 0x37,
  0x38, 0xfe, 0x96, 0x38, 0xdc, 0xec, 0xf8, 0x37, 0x06, 0x43, 0x02, 0x38,
  0x73, 0xd8, 0x58, 0x38, 0xda, 0x25, 0x25, 0x38, 0x5a, 0x73, 0xb0, 0x38,
  0xb8, 0x2a, 0xba, 0x37, 0x7d, 0x73, 0x23, 0x38, 0xd3, 0x83, 0xd2, 0x37,
  0x7b, 0xaf, 0xb9, 0x37, 0x9e, 0x3d, 0xec, 0x37, 0x12, 0x95, 0xb3, 0x38,
  0x65, 0x40, 0x8d, 0x37, 0x4c, 0xd1, 0xb8, 0x38, 0xdb, 0x70, 0xb6, 0x37,
  0x39, 0x7d, 0x77, 0x38, 0xbf, 0x9c, 0x52, 0x38, 0xad, 0x9f, 0xcb, 0x38,
  0x03, 0x4d, 0x29, 0x38, 0x69, 0x8f, 0x4a, 0x38, 0x9f, 0x41, 0x41, 0x38,
  0xb0, 0x06, 0x27, 0x38, 0x2b, 0xe5, 0xae, 0x37, 0x3d, 0x97, 0xae, 0x38,
  0x5c, 0xcf, 0xa6, 0x38, 0x66, 0xba, 0xd9, 0x37, 0xf5, 0x8d, 0xb3, 0x37,
  0xca, 0x66, 0x8c, 0x37, 0xd9, 0x29, 0x7d, 0x38, 0xf9, 0xcc, 0xa9, 0x38,
  0x8c, 0xbf, 0x31, 0x38, 0x3d, 0xd1, 0xa7, 0x37, 0x48, 0xd6, 0x9e, 0x38,
  0xb5, 0x4f, 0xc2, 0x37, 0x5b, 0x70, 0xf2, 0x37, 0x3f, 0x51, 0xad, 0x37,
  0x5a, 0x58, 0x09, 0x38, 0x6e, 0x0e, 0xd5, 0x37, 0x9b, 0x03, 0xca, 0x37,
  0xd1, 0x67, 0x94, 0x38, 0xcf, 0xca, 0xa3, 0x38, 0x93, 0xa0, 0x22, 0x38,
  0x09, 0xf7, 0xc6, 0x37, 0x02, 0x2b, 0xe6, 0x37, 0xd3, 0x35, 0xaa, 0x38,
  0x6c, 0x98, 0x5e, 0x38, 0x50, 0x50, 0xca, 0x37, 0xdc, 0x43, 0x50, 0x38,
  0xd1, 0x01, 0xcf, 0x37, 0xfd, 0xc4, 0xf2, 0x37, 0xb1, 0x21, 0xc9, 0x37,
  0xd1, 0xd1, 0x24, 0x38, 0x47, 0xe5, 0x2d, 0x38, 0x44, 0xda, 0x87, 0x38,
  0x6d, 0x9f, 0xba, 0x37, 0x35, 0xed, 0xbd, 0x37, 0x61, 0x01, 0x00, 0x00,
  0x73, 0x65, 0x71, 0x75, 0x65, 0x6e, 0x74, 0x69, 0x61, 0x6c, 0x2f, 0x61,
  0x63, 0x74, 0x69, 0x76, 0x61, 0x74, 0x69, 0x6f, 0x6e, 0x5f, 0x31, 0x2f,
  0x52, 0x65, 0x6c, 0x75, 0x3b, 0x73, 0x65, 0x71, 0x75, 0x65, 0x6e, 0x74,
  0x69, 0x61, 0x6c, 0x2f, 0x62, 0x61, 0x74, 0x63, 0x68, 0x5f, 0x6e, 0x6f,
  0x72, 0x6d, 0x61, 0x6c, 0x69, 0x7a, 0x61, 0x74, 0x69, 0x6f, 0x6e, 0x5f,
  0x31, 0x2f, 0x62, 0x61, 0x74, 0x63, 0x68, 0x6e, 0x6f, 0x72, 0x6d, 0x2f,
  0x61, 0x64, 0x64, 0x5f, 0x31, 0x3b, 0x73, 0x65, 0x71, 0x75, 0x65, 0x6e,
  0x74, 0x69, 0x61, 0x6c, 0x2f, 0x63, 0x6f, 0x6e, 0x76, 0x31, 0x64, 0x5f,
  0x31, 0x2f, 0x43, 0x6f, 0x6e, 0x76, 0x31, 0x44, 0x2f, 0x53, 0x71, 0x75,
  0x65, 0x65, 0x7a, 0x65, 0x3b, 0x73, 0x65, 0x71, 0x75, 0x65, 0x6e, 0x74,
  0x69, 0x61, 0x6c, 0x2f, 0x62, 0x61, 0x74, 0x63, 0x68, 0x5f, 0x6e, 0x6f,
  0x72, 0x6d, 0x61, 0x6c, 0x69, 0x7a, 0x61, 0x74, 0x69, 0x6f, 0x6e, 0x5f,
  0x31, 0x2f, 0x62, 0x61, 0x74, 0x63, 0x68, 0x6e, 0x6f, 0x72, 0x6d, 0x2f,
  0x6d, 0x75, 0x6c, 0x5f, 0x31, 0x3b, 0x73, 0x65, 0x71, 0x75, 0x65, 0x6e,
  0x74, 0x69, 0x61, 0x6c, 0x2f, 0x63, 0x6f, 0x6e, 0x76, 0x31, 0x64, 0x5f,
  0x31, 0x2f, 0x42, 0x69, 0x61, 0x73, 0x41, 0x64, 0x64, 0x3b, 0x73, 0x65,
  0x71, 0x75, 0x65, 0x6e, 0x74, 0x69, 0x61, 0x6c, 0x2f, 0x63, 0x6f, 0x6e,
  0x76, 0x31, 0x64, 0x5f, 0x31, 0x2f, 0x42, 0x69, 0x61, 0x73, 0x41, 0x64,
  0x64, 0x2f, 0x52, 0x65, 0x61, 0x64, 0x56, 0x61, 0x72, 0x69, 0x61, 0x62,
  0x6c, 0x65, 0x4f, 0x70, 0x3b, 0x73, 0x65, 0x71, 0x75, 0x65, 0x6e, 0x74,
  0x69, 0x61, 0x6c, 0x2f, 0x62, 0x61, 0x74, 0x63, 0x68, 0x5f, 0x6e, 0x6f,
  0x72, 0x6d, 0x61, 0x6c, 0x69, 0x7a, 0x61, 0x74, 0x69, 0x6f, 0x6e, 0x5f,
  0x31, 0x2f, 0x62, 0x61, 0x74, 0x63, 0x68, 0x6e, 0x6f, 0x72, 0x6d, 0x2f,
  0x6d, 0x75, 0x6c, 0x3b, 0x73, 0x65, 0x71, 0x75, 0x65, 0x6e, 0x74, 0x69,
  0x61, 0x6c, 0x2f, 0x62, 0x61, 0x74, 0x63, 0x68, 0x5f, 0x6e, 0x6f, 0x72,
  0x6d, 0x61, 0x6c, 0x69, 0x7a, 0x61, 0x74, 0x69, 0x6f, 0x6e, 0x5f, 0x31,
  0x2f, 0x62, 0x61, 0x74, 0x63, 0x68, 0x6e, 0x6f, 0x72, 0x6d, 0x2f, 0x73,
  0x75, 0x62, 0x3b, 0x73, 0x65, 0x71, 0x75, 0x65, 0x6e, 0x74, 0x69, 0x61,
  0x6c, 0x2f, 0x63, 0x6f, 0x6e, 0x76, 0x31, 0x64, 0x5f, 0x31, 0x2f, 0x43,
  0x6f, 0x6e, 0x76, 0x31, 0x44, 0x00, 0x00, 0x00, 0x01, 0x00, 0x00, 0x00,
  0x40, 0x00, 0x00, 0x00, 0x9a, 0xfb, 0xff, 0xff, 0x00, 0x00, 0x00, 0x01,
  0x14, 0x00, 0x00, 0x00, 0x30, 0x00, 0x00, 0x00, 0x0d, 0x00, 0x00, 0x00,
  0x00, 0x00, 0x00, 0x09, 0x5c, 0x00, 0x00, 0x00, 0x04, 0xfb, 0xff, 0xff,
  0x08, 0x00, 0x00, 0x00, 0x10, 0x00, 0x00, 0x00, 0x01, 0x00, 0x00, 0x00,
  0x00, 0x00, 0x00, 0x00, 0x00, 0x00, 0x00, 0x00, 0x01, 0x00, 0x00, 0x00,
  0x48, 0x8e, 0x1c, 0x3b, 0x30, 0x00, 0x00, 0x00, 0x73, 0x65, 0x71, 0x75,
  0x65, 0x6e, 0x74, 0x69, 0x61, 0x6c, 0x2f, 0x62, 0x61, 0x74, 0x63, 0x68,
  0x5f, 0x6e, 0x6f, 0x72, 0x6d, 0x61, 0x6c, 0x69, 0x7a, 0x61, 0x74, 0x69,
  0x6f, 0x6e, 0x5f, 0x32, 0x2f, 0x62, 0x61, 0x74, 0x63, 0x68, 0x6e, 0x6f,
  0x72, 0x6d, 0x2f, 0x6d, 0x75, 0x6c, 0x5f, 0x31, 0x00, 0x00, 0x00, 0x00,
  0x02, 0x00, 0x00, 0x00, 0x20, 0x00, 0x00, 0x00, 0x40, 0x01, 0x00, 0x00,
  0x1a, 0xfc, 0xff, 0xff, 0x00, 0x00, 0x00, 0x01, 0x14, 0x00, 0x00, 0x00,
  0x34, 0x00, 0x00, 0x00, 0x0c, 0x00, 0x00, 0x00, 0x00, 0x00, 0x00, 0x02,
  0x60, 0x00, 0x00, 0x00, 0x84, 0xfb, 0xff, 0xff, 0x08, 0x00, 0x00, 0x00,
  0x14, 0x00, 0x00, 0x00, 0x01, 0x00, 0x00, 0x00, 0x00, 0x00, 0x00, 0x00,
  0x00, 0x00, 0x00, 0x00, 0x00, 0x00, 0x00, 0x00, 0x01, 0x00, 0x00, 0x00,
  0x77, 0xa8, 0x93, 0x38, 0x30, 0x00, 0x00, 0x00, 0x73, 0x65, 0x71, 0x75,
  0x65, 0x6e, 0x74, 0x69, 0x61, 0x6c, 0x2f, 0x62, 0x61, 0x74, 0x63, 0x68,
  0x5f, 0x6e, 0x6f, 0x72, 0x6d, 0x61, 0x6c, 0x69, 0x7a, 0x61, 0x74, 0x69,
  0x6f, 0x6e, 0x5f, 0x32, 0x2f, 0x62, 0x61, 0x74, 0x63, 0x68, 0x6e, 0x6f,
  0x72, 0x6d, 0x2f, 0x61, 0x64, 0x64, 0x5f, 0x31, 0x00, 0x00, 0x00, 0x00,
  0x01, 0x00, 0x00, 0x00, 0x20, 0x00, 0x00, 0x00, 0x9a, 0xfc, 0xff, 0xff,
  0x00, 0x00, 0x00, 0x01, 0x14, 0x00, 0x00, 0x00, 0x30, 0x00, 0x00, 0x00,
  0x0b, 0x00, 0x00, 0x00, 0x00, 0x00, 0x00, 0x09, 0x5c, 0x00, 0x00, 0x00,
  0x04, 0xfc, 0xff, 0xff, 0x08, 0x00, 0x00, 0x00, 0x10, 0x00, 0x00, 0x00,
  0x01, 0x00, 0x00, 0x00, 0x00, 0x00, 0x00, 0x00, 0x00, 0x00, 0x00, 0x00,
  0x01, 0x00, 0x00, 0x00, 0x88, 0x63, 0xaf, 0x3c, 0x30, 0x00, 0x00, 0x00,
  0x73, 0x65, 0x71, 0x75, 0x65, 0x6e, 0x74, 0x69, 0x61, 0x6c, 0x2f, 0x62,
  0x61, 0x74, 0x63, 0x68, 0x5f, 0x6e, 0x6f, 0x72, 0x6d, 0x61, 0x6c, 0x69,
  0x7a, 0x61, 0x74, 0x69, 0x6f, 0x6e, 0x5f, 0x33, 0x2f, 0x62, 0x61, 0x74,
  0x63, 0x68, 0x6e, 0x6f, 0x72, 0x6d, 0x2f, 0x6d, 0x75, 0x6c, 0x5f, 0x31,
  0x00, 0x00, 0x00, 0x00, 0x02, 0x00, 0x00, 0x00, 0x10, 0x00, 0x00, 0x00,
  0x20, 0x00, 0x00, 0x00, 0x1a, 0xfd, 0xff, 0xff, 0x00, 0x00, 0x00, 0x01,
  0x14, 0x00, 0x00, 0x00, 0x34, 0x00, 0x00, 0x00, 0x0a, 0x00, 0x00, 0x00,
  0x00, 0x00, 0x00, 0x02, 0x60, 0x00, 0x00, 0x00, 0x84, 0xfc, 0xff, 0xff,
  0x08, 0x00, 0x00, 0x00, 0x14, 0x00, 0x00, 0x00, 0x01, 0x00, 0x00, 0x00,
  0x00, 0x00, 0x00, 0x00, 0x00, 0x00, 0x00, 0x00, 0x00, 0x00, 0x00, 0x00,
  0x01, 0x00, 0x00, 0x00, 0xc1, 0x0e, 0x22, 0x39, 0x30, 0x00, 0x00, 0x00,
  0x73, 0x65, 0x71, 0x75, 0x65, 0x6e, 0x74, 0x69, 0x61, 0x6c, 0x2f, 0x62,
  0x61, 0x74, 0x63, 0x68, 0x5f, 0x6e, 0x6f, 0x72, 0x6d, 0x61, 0x6c, 0x69,
  0x7a, 0x61, 0x74, 0x69, 0x6f, 0x6e, 0x5f, 0x33, 0x2f, 0x62, 0x61, 0x74,
  0x63, 0x68, 0x6e, 0x6f, 0x72, 0x6d, 0x2f, 0x61, 0x64, 0x64, 0x5f, 0x31,
  0x00, 0x00, 0x00, 0x00, 0x01, 0x00, 0x00, 0x00, 0x10, 0x00, 0x00, 0x00,
  0x9a, 0xfd, 0xff, 0xff, 0x00, 0x00, 0x00, 0x01, 0x14, 0x00, 0x00, 0x00,
  0x30, 0x00, 0x00, 0x00, 0x09, 0x00, 0x00, 0x00, 0x00, 0x00, 0x00, 0x09,
  0x44, 0x00, 0x00, 0x00, 0x04, 0xfd, 0xff, 0xff, 0x08, 0x00, 0x00, 0x00,
  0x10, 0x00, 0x00, 0x00, 0x01, 0x00, 0x00, 0x00, 0x00, 0x00, 0x00, 0x00,
  0x00, 0x00, 0x00, 0x00, 0x01, 0x00, 0x00, 0x00, 0x0f, 0xa4, 0xf4, 0x3c,
  0x19, 0x00, 0x00, 0x00, 0x73, 0x65, 0x71, 0x75, 0x65, 0x6e, 0x74, 0x69,
  0x61, 0x6c, 0x2f, 0x64, 0x65, 0x6e, 0x73, 0x65, 0x5f, 0x32, 0x2f, 0x4d,
  0x61, 0x74, 0x4d, 0x75, 0x6c, 0x00, 0x00, 0x00, 0x02, 0x00, 0x00, 0x00,
  0x01, 0x00, 0x00, 0x00, 0x10, 0x00, 0x00, 0x00, 0x02, 0xfe, 0xff, 0xff,
  0x00, 0x00, 0x00, 0x01, 0x14, 0x00, 0x00, 0x00, 0x30, 0x00, 0x00, 0x00,
  0x08, 0x00, 0x00, 0x00, 0x00, 0x00, 0x00, 0x02, 0x54, 0x00, 0x00, 0x00,
  0x6c, 0xfd, 0xff, 0xff, 0x08, 0x00, 0x00, 0x00, 0x10, 0x00, 0x00, 0x00,
  0x01, 0x00, 0x00, 0x00, 0x00, 0x00, 0x00, 0x00, 0x00, 0x00, 0x00, 0x00,
  0x01, 0x00, 0x00, 0x00, 0xb4, 0x10, 0xa2, 0x3a, 0x29, 0x00, 0x00, 0x00,
  0x73, 0x65, 0x71, 0x75, 0x65, 0x6e, 0x74, 0x69, 0x61, 0x6c, 0x2f, 0x64,
  0x65, 0x6e, 0x73, 0x65, 0x5f, 0x32, 0x2f, 0x42, 0x69, 0x61, 0x73, 0x41,
  0x64, 0x64, 0x2f, 0x52, 0x65, 0x61, 0x64, 0x56, 0x61, 0x72, 0x69, 0x61,
  0x62, 0x6c, 0x65, 0x4f, 0x70, 0x00, 0x00, 0x00, 0x01, 0x00, 0x00, 0x00,
  0x01, 0x00, 0x00, 0x00, 0x76, 0xfe, 0xff, 0xff, 0x00, 0x00, 0x00, 0x01,
  0x14, 0x00, 0x00, 0x00, 0x14, 0x00, 0x00, 0x00, 0x07, 0x00, 0x00, 0x00,
  0x00, 0x00, 0x00, 0x02, 0x28, 0x00, 0x00, 0x00, 0x60, 0xfe, 0xff, 0xff,
  0x18, 0x00, 0x00, 0x00, 0x73, 0x65, 0x71, 0x75, 0x65, 0x6e, 0x74, 0x69,
  0x61, 0x6c, 0x2f, 0x66, 0x6c, 0x61, 0x74, 0x74, 0x65, 0x6e, 0x2f, 0x43,
  0x6f, 0x6e, 0x73, 0x74, 0x00, 0x00, 0x00, 0x00, 0x01, 0x00, 0x00, 0x00,
  0x02, 0x00, 0x00, 0x00, 0xbe, 0xfe, 0xff, 0xff, 0x00, 0x00, 0x00, 0x01,
  0x14, 0x00, 0x00, 0x00, 0x14, 0x00, 0x00, 0x00, 0x06, 0x00, 0x00, 0x00,
  0x00, 0x00, 0x00, 0x02, 0x30, 0x00, 0x00, 0x00, 0xa8, 0xfe, 0xff, 0xff,
  0x22, 0x00, 0x00, 0x00, 0x73, 0x65, 0x71, 0x75, 0x65, 0x6e, 0x74, 0x69,
  0x61, 0x6c, 0x2f, 0x63, 0x6f, 0x6e, 0x76, 0x31, 0x64, 0x5f, 0x31, 0x2f,
  0x43, 0x6f, 0x6e, 0x76, 0x31, 0x44, 0x2f, 0x53, 0x71, 0x75, 0x65, 0x65,
  0x7a, 0x65, 0x00, 0x00, 0x01, 0x00, 0x00, 0x00, 0x03, 0x00, 0x00, 0x00,
  0x0e, 0xff, 0xff, 0xff, 0x00, 0x00, 0x00, 0x01, 0x14, 0x00, 0x00, 0x00,
  0x14, 0x00, 0x00, 0x00, 0x05, 0x00, 0x00, 0x00, 0x00, 0x00, 0x00, 0x02,
  0x30, 0x00, 0x00, 0x00, 0xf8, 0xfe, 0xff, 0xff, 0x20, 0x00, 0x00, 0x00,
  0x73, 0x65, 0x71, 0x75, 0x65, 0x6e, 0x74, 0x69, 0x61, 0x6c, 0x2f, 0x6d,
  0x61, 0x78, 0x5f, 0x70, 0x6f, 0x6f, 0x6c, 0x69, 0x6e, 0x67, 0x31, 0x64,
  0x2f, 0x53, 0x71, 0x75, 0x65, 0x65, 0x7a, 0x65, 0x00, 0x00, 0x00, 0x00,
  0x01, 0x00, 0x00, 0x00, 0x03, 0x00, 0x00, 0x00, 0x5e, 0xff, 0xff, 0xff,
  0x00, 0x00, 0x00, 0x01, 0x14, 0x00, 0x00, 0x00, 0x14, 0x00, 0x00, 0x00,
  0x04, 0x00, 0x00, 0x00, 0x00, 0x00, 0x00, 0x02, 0x34, 0x00, 0x00, 0x00,
  0x48, 0xff, 0xff, 0xff, 0x27, 0x00, 0x00, 0x00, 0x73, 0x65, 0x71, 0x75,
  0x65, 0x6e, 0x74, 0x69, 0x61, 0x6c, 0x2f, 0x6d, 0x61, 0x78, 0x5f, 0x70,
  0x6f, 0x6f, 0x6c, 0x69, 0x6e, 0x67, 0x31, 0x64, 0x2f, 0x45, 0x78, 0x70,
  0x61, 0x6e, 0x64, 0x44, 0x69, 0x6d, 0x73, 0x2f, 0x64, 0x69, 0x6d, 0x00,
  0x00, 0x00, 0x00, 0x00, 0xae, 0xff, 0xff, 0xff, 0x00, 0x00, 0x00, 0x01,
  0x14, 0x00, 0x00, 0x00, 0x14, 0x00, 0x00, 0x00, 0x03, 0x00, 0x00, 0x00,
  0x00, 0x00, 0x00, 0x02, 0x30, 0x00, 0x00, 0x00, 0x98, 0xff, 0xff, 0xff,
  0x20, 0x00, 0x00, 0x00, 0x73, 0x65, 0x71, 0x75, 0x65, 0x6e, 0x74, 0x69,
  0x61, 0x6c, 0x2f, 0x63, 0x6f, 0x6e, 0x76, 0x31, 0x64, 0x2f, 0x43, 0x6f,
  0x6e, 0x76, 0x31, 0x44, 0x2f, 0x53, 0x71, 0x75, 0x65, 0x65, 0x7a, 0x65,
  0x00, 0x00, 0x00, 0x00, 0x01, 0x00, 0x00, 0x00, 0x03, 0x00, 0x00, 0x00,
  0x00, 0x00, 0x16, 0x00, 0x1c, 0x00, 0x18, 0x00, 0x17, 0x00, 0x10, 0x00,
  0x0c, 0x00, 0x08, 0x00, 0x00, 0x00, 0x00, 0x00, 0x00, 0x00, 0x07, 0x00,
  0x16, 0x00, 0x00, 0x00, 0x00, 0x00, 0x00, 0x01, 0x18, 0x00, 0x00, 0x00,
  0x18, 0x00, 0x00, 0x00, 0x02, 0x00, 0x00, 0x00, 0x00, 0x00, 0x00, 0x02,
  0x38, 0x00, 0x00, 0x00, 0x04, 0x00, 0x04, 0x00, 0x04, 0x00, 0x00, 0x00,
  0x27, 0x00, 0x00, 0x00, 0x73, 0x65, 0x71, 0x75, 0x65, 0x6e, 0x74, 0x69,
  0x61, 0x6c, 0x2f, 0x63, 0x6f, 0x6e, 0x76, 0x31, 0x64, 0x2f, 0x43, 0x6f,
  0x6e, 0x76, 0x31, 0x44, 0x2f, 0x45, 0x78, 0x70, 0x61, 0x6e, 0x64, 0x44,
  0x69, 0x6d, 0x73, 0x2f, 0x64, 0x69, 0x6d, 0x00, 0x00, 0x00, 0x00, 0x00,
  0x00, 0x00, 0x16, 0x00, 0x20, 0x00, 0x1c, 0x00, 0x1b, 0x00, 0x14, 0x00,
  0x10, 0x00, 0x0c, 0x00, 0x00, 0x00, 0x00, 0x00, 0x08, 0x00, 0x07, 0x00,
  0x16, 0x00, 0x00, 0x00, 0x00, 0x00, 0x00, 0x01, 0x18, 0x00, 0x00, 0x00,
  0x30, 0x00, 0x00, 0x00, 0x50, 0x00, 0x00, 0x00, 0x01, 0x00, 0x00, 0x00,
  0x00, 0x00, 0x00, 0x09, 0x68, 0x00, 0x00, 0x00, 0x03, 0x00, 0x00, 0x00,
  0xff, 0xff, 0xff, 0xff, 0x14, 0x00, 0x00, 0x00, 0x08, 0x00, 0x00, 0x00,
  0x0c, 0x00, 0x0c, 0x00, 0x00, 0x00, 0x00, 0x00, 0x08, 0x00, 0x04, 0x00,
  0x0c, 0x00, 0x00, 0x00, 0x08, 0x00, 0x00, 0x00, 0x14, 0x00, 0x00, 0x00,
  0x01, 0x00, 0x00, 0x00, 0x80, 0xff, 0xff, 0xff, 0xff, 0xff, 0xff, 0xff,
  0x00, 0x00, 0x00, 0x00, 0x01, 0x00, 0x00, 0x00, 0x81, 0x80, 0x80, 0x3b,
  0x1e, 0x00, 0x00, 0x00, 0x73, 0x65, 0x72, 0x76, 0x69, 0x6e, 0x67, 0x5f,
  0x64, 0x65, 0x66, 0x61, 0x75, 0x6c, 0x74, 0x5f, 0x63, 0x6f, 0x6e, 0x76,
  0x31, 0x64, 0x5f, 0x69, 0x6e, 0x70, 0x75, 0x74, 0x3a, 0x30, 0x00, 0x00,
  0x03, 0x00, 0x00, 0x00, 0x01, 0x00, 0x00, 0x00, 0x14, 0x00, 0x00, 0x00,
  0x08, 0x00, 0x00, 0x00, 0x06, 0x00, 0x00, 0x00, 0x78, 0x00, 0x00, 0x00,
  0x58, 0x00, 0x00, 0x00, 0x3c, 0x00, 0x00, 0x00, 0x28, 0x00, 0x00, 0x00,
  0x14, 0x00, 0x00, 0x00, 0x04, 0x00, 0x00, 0x00, 0xac, 0xff, 0xff, 0xff,
  0x62, 0x00, 0x00, 0x00, 0x00, 0x00, 0x00, 0x62, 0xd4, 0xff, 0xff, 0xff,
  0x09, 0x00, 0x00, 0x00, 0x04, 0x00, 0x00, 0x00, 0x00, 0x00, 0x00, 0x09,
  0xe4, 0xff, 0xff, 0xff, 0x11, 0x00, 0x00, 0x00, 0x02, 0x00, 0x00, 0x00,
  0x00, 0x00, 0x00, 0x11, 0xd8, 0xff, 0xff, 0xff, 0x16, 0x00, 0x00, 0x00,
  0x00, 0x00, 0x00, 0x16, 0x0c, 0x00, 0x10, 0x00, 0x0f, 0x00, 0x00, 0x00,
  0x08, 0x00, 0x04, 0x00, 0x0c, 0x00, 0x00, 0x00, 0x03, 0x00, 0x00, 0x00,
  0x03, 0x00, 0x00, 0x00, 0x00, 0x00, 0x00, 0x03, 0x0c, 0x00, 0x0c, 0x00,
  0x0b, 0x00, 0x00, 0x00, 0x00, 0x00, 0x04, 0x00, 0x0c, 0x00, 0x00, 0x00,
  0x46, 0x00, 0x00, 0x00, 0x00, 0x00, 0x00, 0x46
};
const int g_model_len = sizeof(g_model); //27560
